Date,Open Price,Close Price,Adj Close Price,Volume
20080629,748.85,748.85,748.85,189389047
20080630,771.32,767.96,767.96,19643005
20080701,752.60,749.88,749.88,22646072
20080702,757.76,766.02,766.02,3591428
20080705,783.71,784.49,784.49,7310389
20080706,807.98,807.60,807.60,4607603
20080707,831.74,826.06,826.06,17571371
20080708,850.72,844.65,844.65,7920559
20080709,832.90,829.29,829.29,1030343
20080712,804.50,805.01,805.01,1629454
20080713,800.50,823.09,823.09,2387382
20080714,846.85,844.65,844.65,1794383
20080715,869.96,869.96,869.96,2319151
20080720,438.98,869.96,869.96,39182025
20080727,748.85,869.96,869.96,687690
20080915,908.30,913.34,913.34,10909243
20080916,940.71,937.10,937.10,8356577
20080917,959.43,961.24,961.24,5185186
20080920,979.83,937.87,937.87,1857382
20080921,918.38,916.95,916.95,4027472
20080923,939.29,944.07,944.07,2598000
20080924,952.98,946.78,946.78,2136544
20080927,940.07,935.81,935.81,687840
20080928,912.82,912.57,912.57,3065766
20080929,921.86,914.50,914.50,863343
20080930,914.63,909.34,909.34,1196114
20081004,887.00,901.20,901.20,563693
20081005,874.22,900.94,900.94,68547222
20081006,873.96,900.56,900.56,58874381
20081007,873.57,873.57,873.57,1658788
20081008,847.49,873.57,873.57,3189
20081011,847.49,873.57,873.57,405
20081012,847.49,873.44,873.44,8701
20081013,847.36,873.31,873.31,8040
20081014,847.23,873.19,873.19,9534
20081015,847.11,873.19,873.19,1048
20081018,847.11,873.19,873.19,570
20081019,847.11,873.19,873.19,310
20081021,847.11,873.19,873.19,20
20081022,847.11,847.11,847.11,10319
20081026,821.80,821.80,821.80,3282
20081027,797.27,797.27,797.27,2492
20081028,773.38,773.38,773.38,24747
20081029,750.27,750.27,750.27,27460
20081101,727.81,750.14,750.14,8810
20081103,727.68,727.68,727.68,200
20081105,705.86,707.66,707.66,10069398
20081108,686.49,691.14,691.14,1299257
20081109,670.48,677.19,677.19,1121189
20081110,656.92,677.06,677.06,11375
20081111,813.79,677.06,677.06,82478541
20081116,656.79,677.06,677.06,777
20081117,656.79,677.06,677.06,303
20081119,656.79,677.06,677.06,100
20081122,656.79,677.06,677.06,114
20081125,656.79,656.79,656.79,50
20081129,637.17,637.17,637.17,50
20081130,618.06,618.06,618.06,460
20081201,599.60,599.60,599.60,77
20081202,581.65,599.60,599.60,1049
20081203,581.65,581.65,581.65,624339035
20081206,564.22,564.22,564.22,50
20081207,547.31,547.31,547.31,2000
20081210,530.91,530.91,530.91,10
20081213,515.03,515.03,530.78,8988
20081214,514.90,514.90,514.90,12668
20081215,499.54,499.54,499.54,2000
20081216,484.56,484.56,484.56,6449
20081220,470.10,470.10,470.10,27188
20081221,456.02,456.02,456.02,10
20081222,442.47,442.47,456.02,7200
20081223,442.47,442.47,442.47,50
20081224,429.30,429.30,429.30,5888
20081227,416.52,416.52,416.52,14160
20081228,404.12,404.12,404.12,5371
20081229,392.11,392.11,392.63,6602795
20081230,387.72,390.82,392.37,706341
20081231,391.21,387.34,389.66,833707
20090103,389.79,400.89,394.31,817996
20090104,405.80,406.06,400.38,857029
20090105,412.38,412.38,402.44,287953
20090110,414.45,414.45,404.38,263800
20090111,416.39,416.39,404.38,2694
20090112,416.39,416.39,404.38,6690
20090113,416.39,416.39,404.38,6179
20090114,416.39,416.39,416.39,3062075
20090117,428.78,428.78,428.39,1620415
20090118,441.18,441.18,429.04,77706
20090119,441.82,441.82,441.82,1665000
20090120,454.99,454.99,454.99,1664903
20090121,468.55,468.55,468.55,1664903
20090124,482.49,456.02,478.10,17844964
20090125,463.77,463.77,465.06,6332525
20090126,453.31,459.64,462.74,602196
20090127,464.67,476.55,470.48,1052549
20090128,484.56,484.56,484.56,2251062
20090131,499.02,499.02,499.02,1797325
20090201,513.87,513.87,513.87,1661746
20090202,529.10,528.07,528.20,6131798
20090203,527.68,526.39,527.94,1100858
20090310,600.50,604.25,604.25,3599332
20090311,618.45,622.32,614.83,1042917
20090314,633.17,633.17,624.00,830506
20090316,642.59,642.59,625.94,172584
20090317,644.66,644.66,637.17,999473
20090318,656.28,656.28,643.50,548101
20090325,662.73,662.73,648.14,400000
20090328,667.51,667.51,658.47,890400
20090329,678.23,678.23,667.90,789339
20090330,687.91,687.91,678.10,853072
20090331,698.37,698.37,690.36,1003683
20090404,711.02,711.02,690.75,29664
20090405,711.41,711.41,691.52,63012
20090406,712.18,712.18,712.18,1666442
20090407,733.49,733.49,733.49,1663139
20090408,755.44,755.44,755.44,1664000
20090411,778.03,778.03,778.03,2323446
20090412,801.27,754.79,786.81,26763724
20090413,763.31,763.31,786.42,26143
20090414,762.92,762.92,786.42,208
20090415,762.92,762.92,762.92,1671689
20090418,762.79,768.22,765.64,3490932
20090426,852.01,813.41,814.18,15352749
20090427,817.28,789.91,796.88,3132402
20090428,788.88,772.99,776.61,4000444
20090429,762.41,794.04,779.45,4757523
20090502,802.82,802.82,799.98,1458969
20090503,823.86,823.86,810.18,713415
20090504,834.45,834.45,834.45,1671794
20090505,859.37,859.37,858.73,14111565
20090506,876.67,884.42,879.38,5480993
20090509,905.72,905.72,905.72,1736500
20090510,932.84,925.48,930.90,8264583
20090511,916.70,903.01,907.27,3023355
20090512,891.13,880.16,881.71,7445628
20090513,877.83,881.97,889.84,2159061
20090516,881.71,863.24,863.76,3075203
20090517,847.49,853.43,846.85,2177653
20090518,854.21,845.68,849.04,2215601
20090519,845.68,832.64,838.07,1886542
20090520,839.23,863.12,861.05,3169249
20090523,886.87,886.87,862.47,90435
20090713,798.17,774.67,776.35,8253549
20090714,792.62,797.91,787.20,1343420
20090715,799.59,810.70,804.63,2198905
20090718,808.24,813.67,819.48,2149408
20090825,903.14,877.96,879.12,31802563
20090826,905.46,905.46,904.17,9177507
20090829,931.29,903.79,884.29,46547153
20090830,884.68,858.85,861.82,4287277
20090831,853.43,887.65,878.74,107729042
20090901,905.08,905.08,905.08,2888231
20090902,932.19,921.86,929.35,3968682
20090905,914.89,901.59,908.05,1313453
20090906,884.42,880.93,899.52,554748
20090907,872.54,872.54,873.96,2264845
20090908,894.62,887.13,881.58,848505
20090909,888.29,878.22,885.97,906028
20090913,865.05,868.93,877.45,829263
20090914,871.51,860.53,870.47,808012
20090915,861.18,852.14,849.17,2068221
20090916,852.14,868.28,856.53,782820
20090919,874.09,882.22,879.77,1518741
20090921,902.49,903.66,901.20,1995764
20090922,887.13,900.04,917.34,5099502
20090923,916.57,908.95,911.92,1254970
20090926,885.84,884.68,896.30,993850
20090927,884.16,869.57,881.58,1007645
20090928,865.05,858.98,878.61,298134
20090929,860.53,880.93,878.61,314695
20090930,877.96,884.42,879.90,450272
20091003,906.24,906.24,906.24,1863579
20091004,929.61,897.33,904.69,1224789
20091005,890.62,884.42,894.10,787391
20091006,877.96,913.86,910.76,2556228
20091007,920.44,911.53,913.99,23392818
20091010,937.35,916.70,923.28,8589922
20091011,925.35,895.65,908.82,3137434
20091012,885.58,881.58,896.04,787115
20091013,871.51,903.91,901.85,8370782
20091017,923.15,877.96,896.94,1490812
20091018,896.04,871.51,872.02,3007743
20091019,879.25,866.60,869.31,1523745
20091020,875.38,877.96,870.99,414657
20091021,884.29,868.41,874.61,949348
20091024,870.47,871.51,874.74,1545026
20091025,869.18,879.51,876.41,11943921
20091026,878.61,875.77,876.54,560912
20091027,877.96,871.51,871.12,1404889
20091028,863.12,862.47,865.57,1849013
20091031,873.70,839.62,847.36,3217495
20091101,822.06,822.06,844.91,162958
20091102,819.60,819.60,844.14,50942
20091103,818.83,818.83,844.14,3574
20091104,818.83,818.83,844.14,154
20091107,814.70,814.70,843.88,12122
20091108,814.44,814.44,843.62,14559
20091109,814.18,814.18,843.49,7463
20091110,814.05,814.05,843.49,100
20091111,814.05,814.05,814.05,1677386
20091114,785.65,785.65,809.15,290702
20091115,780.87,780.87,808.11,60577
20091116,779.84,779.84,807.86,15338
20091117,779.71,779.71,795.85,710705
20091118,768.09,768.09,785.65,609981
20091121,758.28,758.28,775.45,619690
20091122,748.33,748.33,765.64,603290
20091123,738.91,755.05,742.01,5088670
20091124,760.47,767.96,766.80,1678909
20091125,790.68,755.31,783.07,2614971
20091129,755.69,755.69,780.10,179301
20091130,752.85,752.85,778.29,109024
20091201,751.17,751.17,778.29,1535
20091202,751.17,751.17,778.29,3368
20091205,751.17,751.17,778.16,10000
20091207,751.05,751.05,778.16,1339
20091208,751.05,751.05,778.16,1090
20091209,751.05,751.05,778.03,4420
20091213,750.92,750.92,777.90,9237
20091214,750.79,750.79,750.79,15
20091215,724.58,724.58,724.58,33100
20091216,699.27,699.27,699.27,251180
20091219,674.87,674.87,674.87,62282
20100216,625.81,587.59,597.14,9511598
20100217,593.92,595.34,605.41,2036989
20100220,612.38,608.38,607.21,3825248
20100221,613.28,628.39,624.39,2910894
20100222,640.01,621.29,625.94,693367
20100223,624.90,613.28,624.77,257149
20100224,624.90,616.51,622.84,367005
20100227,611.09,602.05,619.09,441927
20100228,601.92,600.76,611.73,901851
20100301,617.16,600.50,605.15,1204656
20100302,608.12,609.93,606.96,426081
20100303,613.28,611.60,608.38,405741
20100306,619.48,617.80,613.02,762956
20100307,619.74,634.46,624.13,1175124
20100308,639.36,645.95,632.91,680921
20100309,654.99,654.99,642.33,713483
20100310,664.80,664.80,652.66,767532
20100313,675.39,675.39,674.74,2953240
20100314,690.75,675.26,678.36,1583175
20100315,675.26,668.16,672.29,1053102
20100316,671.38,654.73,663.51,782840
20100317,658.21,671.00,663.38,528419
20100327,654.73,686.49,667.64,358867
20100328,690.88,690.88,680.94,959951
20100329,704.69,704.44,704.69,2338369
20100330,704.31,703.66,703.79,422102
20100331,697.21,728.32,719.67,1289276
20100403,730.78,744.85,743.94,2421374
20100404,761.76,735.94,738.91,1336603
20100405,727.93,715.02,734.39,512168
20100406,735.94,735.94,736.07,539277
20100407,742.40,723.03,733.62,1173334
20100410,731.81,708.05,709.99,1803265
20100411,704.69,693.46,706.50,634718
20100412,697.59,681.84,684.17,1552745
20100413,666.22,660.28,665.32,1497903
20100414,644.66,642.07,652.27,976845
20100417,629.55,629.55,632.65,1433559
20100418,616.25,654.73,649.31,1457377
20100419,669.96,652.02,655.37,1976947
20100420,657.18,646.85,650.47,1114522
20100421,652.02,641.30,648.27,540449
20100424,649.31,641.95,647.50,612954
20100425,646.85,644.53,645.95,705845
20100426,645.95,668.54,659.12,1011121
20100427,682.10,682.10,673.84,1061973
20100428,697.33,697.33,697.33,1779431
20100501,709.86,709.99,704.18,3210374
20100502,708.18,684.29,694.75,1521530
20100503,684.29,687.26,689.33,827073
20100504,683.91,713.34,705.08,1395616
20100505,722.77,699.40,714.64,2242854
20100508,689.72,689.72,702.11,898786
20100509,696.82,684.42,697.33,587787
20100510,690.10,691.27,696.69,261114
20100511,687.01,680.42,693.98,340443
20100512,677.97,681.45,691.40,280230
20100515,693.33,677.84,689.59,279348
20100516,675.26,677.71,687.78,286563
20100518,682.36,672.67,684.55,316232
20100519,666.22,662.73,675.64,649319
20100522,671.38,662.86,674.87,117577
20100523,663.77,666.22,674.61,48320
20100620,589.91,588.75,586.43,1155604
20100621,590.17,606.83,593.53,615494
20100622,614.19,614.19,596.63,254843
20100623,617.41,617.41,601.66,405786
20100627,622.71,622.71,602.31,54834
20100628,626.32,626.32,602.82,39790
20100629,626.84,610.70,623.35,1554879
20100630,611.99,607.47,620.26,289218
20100703,618.45,606.70,617.54,313656
20100704,601.02,600.50,615.74,180683
20100705,600.37,606.70,613.67,214780
20100706,605.54,601.66,611.35,288136
20100707,602.95,605.54,610.57,180670
20100711,610.06,614.32,611.35,239137
20100725,568.09,582.04,579.20,1374483
20100726,593.92,578.42,576.49,1096243
20100728,577.00,566.80,572.23,605219
20100731,568.09,551.70,565.64,653371
20100801,557.12,555.18,561.77,616270
20100802,565.25,574.68,564.87,780992
20100803,579.71,587.46,583.07,1419621
20100804,593.92,596.50,587.72,961221
20100807,600.24,589.91,590.56,523298
20100808,590.56,593.27,591.59,624496
20100809,593.92,615.22,598.18,945106
20100810,622.06,622.06,600.76,179847
20100811,624.77,600.37,612.64,1076806
20100814,607.09,593.92,600.24,983200
20100815,592.63,583.20,597.66,225728
20100816,578.55,588.75,595.47,375745
20100817,587.46,600.11,593.79,573500
20100818,600.37,617.41,604.63,864704
20100821,628.78,628.78,608.76,282578
20100822,633.04,633.04,622.58,946554
20100823,647.37,647.37,643.62,1415708
20100824,655.89,639.11,656.15,2659970
20100825,639.11,632.65,645.17,943776
20100828,632.78,640.40,642.33,611552
20100829,640.53,661.83,665.96,2111576
20100830,667.12,652.02,662.09,693016
20100831,658.73,672.67,669.19,1266492
20100904,695.91,695.91,675.00,359991
20100905,695.91,689.85,683.26,3332970
20100906,686.75,688.81,686.49,1177249
20100907,697.21,664.93,682.87,558864
20100908,656.28,667.51,676.29,628376
20100912,665.19,649.31,672.16,438410
20100913,658.47,645.30,654.99,1163786
20100914,645.04,637.81,651.76,363864
20100915,645.56,645.43,650.21,316218
20100918,645.43,645.56,649.05,346504
20100919,649.31,626.45,642.85,600806
20100920,629.55,628.39,632.13,2126922
20100921,626.07,637.69,633.55,365961
20100922,639.23,644.27,635.62,360788
20100925,646.85,640.40,637.04,231246
20100926,639.23,611.60,633.68,493361
20100927,626.07,626.19,631.75,404658
20100928,626.19,613.28,631.10,300051
20100929,631.10,626.97,630.84,289447
20101002,645.56,640.40,637.56,833471
20101003,642.98,630.97,629.03,3060665
20101005,641.69,630.33,629.16,131011
20101006,628.78,614.57,628.65,231121
20101009,616.77,610.31,627.10,154715
20101010,613.41,606.83,616.90,746520
20101011,593.92,592.24,610.57,439338
20101012,593.92,586.17,599.47,768517
20101013,575.58,575.58,596.50,207820
20101016,572.74,572.74,588.24,661932
20101017,569.38,591.20,587.85,261200
20101018,588.88,600.76,604.12,1196068
20101019,615.87,591.59,601.92,522103
20101020,591.46,589.40,599.98,270069
20101023,587.46,593.92,599.21,210895
20101024,591.85,579.46,595.98,311595
20101025,575.71,572.23,585.65,730788
20101026,587.46,568.09,583.59,217684
20101027,566.67,573.26,576.87,625824
20101030,577.26,585.78,585.14,691823
20101031,608.51,594.05,587.59,295135
20101101,582.30,581.00,587.33,95277
20101102,582.04,591.08,587.46,137456
20101103,591.08,600.37,588.88,228831
20101106,593.79,595.21,589.66,195237
20101107,602.95,589.27,590.69,250689
20101108,588.75,588.75,590.04,492614
20101109,592.37,613.54,611.86,1845219
20101110,636.26,636.26,635.23,5019463
20101113,648.92,609.93,626.84,2443554
20101114,606.96,606.83,619.87,1093995
20101115,613.15,595.08,598.05,1554629
20101116,593.92,586.81,590.56,1041292
20101120,587.46,581.13,589.14,748951
20101121,581.00,579.71,585.01,867975
20101122,581.00,582.94,584.36,250170
20101123,579.84,577.39,583.46,370082
20101124,578.55,574.55,578.55,640745
20101127,575.84,574.68,578.04,297892
20101128,575.84,575.07,578.04,229709
20101129,577.78,561.64,572.74,722662
20101130,568.09,562.93,571.32,272345
20101201,567.96,567.84,570.42,262833
20101204,571.97,563.57,569.38,445513
20101205,561.90,555.18,566.80,316093
20101206,555.18,555.18,564.48,354271
20101207,555.18,555.31,563.32,207532
20101208,555.83,565.51,563.70,185530
20101211,565.51,573.26,564.22,257356
20101212,575.45,567.84,564.61,106809
20101213,570.03,568.09,564.99,191784
20101214,570.68,568.22,565.25,162820
20101218,565.51,561.64,564.99,310990
20101219,560.35,542.40,556.86,694453
20101220,555.18,548.73,556.22,265965
20101221,555.18,544.85,554.92,224341
20101222,547.82,555.18,555.57,411481
20101225,577.78,577.78,556.73,91110
20101226,578.94,578.94,557.64,63078
20101227,579.84,579.84,557.76,12368
20101228,579.97,579.97,558.02,15000
20101229,580.23,580.23,558.02,10
20110101,602.57,602.82,610.18,1837485
20110102,591.33,591.33,604.12,735436
20110103,593.92,592.63,602.57,183462
20110104,592.63,593.92,601.02,323963
20110105,594.05,600.37,600.63,324226
20110108,595.34,624.64,618.71,1472824
20110109,639.11,643.37,635.10,1463857
20110110,645.56,621.03,625.81,963805
20110111,602.95,626.19,626.58,673458
20110112,614.70,618.45,624.52,544218
20110115,616.77,605.67,622.06,245950
20110116,605.54,621.03,620.64,553031
20110117,622.06,612.38,620.13,96974
20110118,606.70,613.15,619.09,198523
20110119,613.28,624.90,620.38,382037
20110122,619.74,619.74,620.51,408031
20110123,629.94,645.30,626.84,883986
20110124,645.43,651.89,638.72,830759
20110126,663.38,664.15,646.59,523353
20110129,672.42,653.95,662.47,1280792
20110130,649.43,658.60,649.31,1923037
20110205,671.38,667.51,661.83,1005865
20110206,645.82,656.02,659.51,452828
20110207,658.47,685.84,679.39,2226123
20110208,706.50,706.50,706.50,2734057
20110209,725.61,734.65,733.49,3101641
20110212,762.79,762.79,762.79,1690860
20110213,792.75,755.18,776.09,6075088
20110214,768.22,759.18,769.38,3124955
20110215,755.31,749.63,756.86,1533401
20110216,748.85,742.40,748.08,785866
20110219,738.52,729.48,739.30,1055224
20110220,729.48,725.87,730.39,1034278
20110305,725.74,739.43,730.90,324503
20110306,736.07,710.12,728.97,328918
20110307,705.34,705.99,724.58,298648
20110308,703.02,699.79,713.99,660904
20110309,702.37,714.25,731.16,1530024
20110312,717.35,701.98,702.50,1781388
20110313,697.21,705.08,703.02,372600
20110314,705.08,703.66,707.02,942931
20110315,724.32,723.03,727.16,1530294
20110316,735.94,710.12,724.97,1879338
20110319,735.94,736.07,736.84,3176568
20110326,747.17,766.28,759.31,1315852
20110327,774.67,743.82,767.44,657217
20110328,749.24,757.89,760.99,738288
20110329,761.37,748.46,757.76,579773
20110330,761.76,745.11,756.60,877983
20110403,764.22,781.13,780.10,1463171
20110404,783.07,811.21,809.53,1961030
20110405,839.23,796.62,814.05,903464
20110406,787.97,787.58,788.75,2563062
20110409,794.04,788.75,792.75,1081132
20110410,776.61,778.16,788.88,403801
20110411,781.13,771.83,786.29,630992
20110412,775.32,763.18,781.39,548355
20110413,763.18,763.83,776.22,535242
20110416,781.26,773.38,773.77,913735
20110417,774.54,759.18,772.48,182864
20110418,758.53,751.43,768.60,389507
20110419,750.27,739.81,761.12,442069
20110420,730.78,738.52,742.91,1327203
20110423,743.30,755.31,747.04,687943
20110424,768.22,736.20,746.91,98363
20110425,736.71,723.03,744.20,384261
20110426,725.61,724.06,742.65,169238
20110427,724.58,721.74,735.04,462792
20110430,712.70,705.73,706.89,1604302
20110501,678.61,684.55,698.76,580174
20110502,726.64,726.64,700.95,132000
20110503,728.97,715.15,706.76,378270
20110504,687.14,721.48,707.02,139078
20110508,721.74,697.21,706.11,201600
20110509,693.46,710.12,706.24,75134
20110510,734.39,734.39,731.68,1522767
20110511,733.36,717.35,730.90,124542
20110514,726.90,747.56,731.16,35959
20110515,729.35,723.03,730.39,180584
20110516,716.57,718.12,729.87,291302
20110521,700.69,710.12,728.71,75880
20110522,728.19,709.99,727.55,80925
20110523,710.12,711.28,722.77,344655
20110524,703.92,705.08,716.31,741218
20110525,703.66,710.12,703.53,1367715
20110528,697.33,684.29,701.47,327175
20110529,693.33,697.21,696.04,1562226
20110530,668.80,687.01,694.49,268618
20110531,694.49,698.50,696.82,436256
20110601,697.21,687.14,696.43,80942
20110606,699.79,697.21,696.69,165144
20110607,686.88,705.21,697.46,184532
20110608,703.53,710.12,699.01,283658
20110611,690.75,690.75,697.98,203383
20110612,690.75,708.83,699.53,362194
20110613,698.50,688.30,698.50,197885
20110614,684.29,671.38,687.91,1039734
20110615,671.38,660.41,680.94,539272
20110618,654.73,680.55,681.58,479710
20110619,663.64,677.06,681.20,50728
20110620,671.51,684.29,681.33,136162
20110621,684.29,684.29,681.45,102756
20110622,681.45,684.29,682.10,669990
20110625,684.29,675.26,682.36,670385
20110712,690.62,655.12,655.50,2633747
20110713,658.47,645.56,647.37,1401803
20110716,634.07,632.78,647.11,29057
20110718,628.26,628.39,645.82,191613
20110725,555.18,548.73,554.02,209674
20110726,555.31,554.67,554.02,171662
20110727,560.22,542.27,553.50,152403
20110730,550.02,531.43,535.17,1416753
20110731,528.33,513.87,521.61,1112686
20110801,529.36,535.82,522.78,126843
20110802,537.24,536.98,523.29,63468
20110803,531.94,544.21,523.81,39552
20110806,544.21,535.82,525.87,223190
20110807,529.36,540.85,526.00,116050
20110808,542.27,532.98,527.04,148430
20110813,545.63,524.32,527.17,52914
20110814,525.49,524.20,527.04,54374
20110815,527.04,520.32,526.26,250538
20110816,519.03,515.16,524.84,272737
20110817,516.58,515.80,523.81,211307
20110820,516.71,512.70,523.16,145277
20110821,518.90,516.45,522.52,168906
20110823,520.06,529.36,522.52,26841
20110824,535.82,543.30,530.26,4251758
20110827,545.76,529.36,530.78,104811
20110828,526.91,524.71,530.65,28926
20110829,524.84,535.82,530.65,40952
20110830,526.78,528.59,530.65,34604
20110903,529.62,529.36,530.65,116400
20110904,530.65,534.52,530.78,129062
20110905,538.40,550.66,532.33,148746
20110906,551.05,540.33,533.23,93010
20110907,548.73,537.11,533.75,269714
20110910,548.73,535.82,534.27,119573
20110911,551.31,540.08,534.40,53855
20110912,542.27,542.27,534.65,57366
20110913,551.18,535.82,535.04,172423
20110914,535.94,522.90,534.27,239473
20110917,530.78,526.13,534.14,106943
20110918,526.78,530.52,534.14,98300
20110919,536.46,536.20,534.14,213775
20110920,529.36,534.27,534.27,154105
20110921,543.43,533.23,534.27,44326
20110925,529.36,538.79,534.27,39152
20110926,531.94,524.97,534.14,36935
20110927,529.36,530.65,533.88,98941
20110928,531.94,537.75,534.01,77662
20111001,539.69,555.31,545.11,916757
20111002,562.54,552.99,547.56,284864
20111003,555.18,552.99,548.60,243549
20111004,553.12,539.69,548.86,499038
20111005,552.60,548.73,548.47,181071
20111008,548.08,539.69,548.21,42071
20111009,539.69,538.66,547.56,116062
20111010,542.14,533.62,546.14,204593
20111011,534.52,535.30,545.11,235301
20111012,539.56,534.78,544.85,318932
20111015,547.44,535.82,544.47,78468
20111016,534.65,528.07,541.88,298084
20111017,525.49,521.74,540.33,137033
20111018,525.74,523.42,538.66,187378
20111019,523.16,530.65,536.59,367929
20111022,529.36,529.36,534.14,445094
20111023,528.07,524.84,532.85,255639
20111024,524.32,530.52,530.13,610216
20111025,529.49,529.62,529.23,523349
20111026,534.52,528.59,529.36,160246
20111029,529.36,529.10,529.23,135882
20111030,523.68,528.84,528.97,220949
20111031,527.42,529.36,528.97,123088
20111101,529.36,529.36,528.71,272334
20111102,529.36,529.36,528.84,93293
20111105,531.94,528.84,528.84,87100
20111106,527.42,525.87,528.33,298023
20111108,525.74,523.03,526.91,415244
20111109,519.68,524.45,526.65,161833
20111112,523.42,529.36,526.65,158698
20111113,524.45,529.36,526.65,62760
20111114,524.97,525.49,526.65,46537
20111116,525.62,529.36,526.52,162754
20111119,526.52,526.78,526.52,14245
20111120,524.20,522.90,526.00,236862
20111121,522.90,522.90,525.74,139919
20111122,519.03,516.45,521.87,719089
20111123,516.45,511.28,519.16,578501
20111126,503.67,506.25,517.61,188987
20111127,503.54,503.54,512.45,616844
20111128,501.21,503.54,511.93,87862
20111129,504.57,498.37,509.48,340393
20111130,498.37,503.54,509.22,79322
20111203,498.50,503.54,508.96,58435
20111204,504.83,520.32,509.35,94103
20111207,522.90,526.13,514.64,622336
20111210,529.36,522.90,517.35,531224
20111211,519.03,516.45,517.35,114537
20111212,513.87,512.58,517.22,65142
20111213,516.45,516.45,516.97,448729
20111214,512.70,516.84,516.84,108520
20111217,516.45,517.74,516.84,50367
20111218,513.48,513.87,516.58,182952
20111219,518.26,503.92,516.58,63742
20111220,504.83,516.06,515.80,115687
20111221,505.35,505.09,513.74,325934
20111224,503.54,509.99,513.48,61511
20111225,509.99,511.28,513.48,20482
20111226,511.28,509.99,513.22,100092
20111227,509.99,509.99,513.09,77615
20111228,497.08,509.99,512.83,149885
20111231,504.18,505.09,512.70,21210
20120101,512.83,508.83,513.09,342182
20120102,515.16,509.99,513.09,77711
20120103,515.67,516.45,515.03,680906
20120104,516.71,519.03,515.42,195101
20120107,516.45,512.19,515.42,125503
20120108,509.99,507.54,515.29,35965
20120109,516.19,512.83,515.55,299076
20120110,522.39,536.07,533.49,1504763
20120111,552.60,554.80,551.31,1540802
20120115,573.26,573.26,557.76,521357
20120116,579.97,579.97,558.54,56450
20120117,580.88,580.88,580.23,5352829
20120118,592.50,603.34,601.28,2155148
20120121,619.61,625.29,624.39,1884088
20120123,643.88,649.31,644.79,7105674
20120125,646.59,650.73,657.70,2444026
20120128,645.69,657.70,644.01,4267787
20120129,619.74,663.64,662.60,1800569
20120130,653.95,645.56,652.66,1519612
20120131,641.69,639.11,648.40,599800
20120201,632.78,636.14,645.43,390083
20120204,645.17,637.04,644.79,161596
20120205,633.94,635.10,640.91,490762
20120206,625.16,632.65,637.43,594080
20120207,627.61,632.65,636.65,208582
20120208,632.65,632.65,635.49,423525
20120212,630.07,632.65,634.97,315591
20120213,633.55,633.30,633.30,738458
20120214,633.30,632.65,632.65,627918
20120215,627.87,632.65,630.71,1123302
20120218,632.65,632.65,630.71,238691
20120219,632.65,632.65,630.84,263031
20120220,632.65,635.36,630.97,52435
20120221,638.98,632.65,631.23,288969
20120222,639.11,632.52,630.84,192001
20120225,636.52,632.65,630.71,296416
20120303,655.89,655.89,630.97,13352
20120304,656.15,656.15,655.24,1606295
20120305,681.45,681.45,681.45,1663138
20120306,708.57,689.33,706.11,7488327
20120307,690.75,690.88,702.63,437027
20120310,680.42,679.13,699.79,210448
20120311,683.78,679.13,695.01,399258
20120312,670.22,667.25,687.52,451883
20120313,667.51,666.35,686.36,95556
20120314,667.12,692.17,688.30,564654
20120317,704.95,715.28,709.60,1554887
20120318,707.53,737.88,719.67,779683
20120324,736.07,748.33,731.03,665333
20120325,748.33,723.03,729.23,258738
20120326,723.03,710.12,722.90,372152
20120327,723.03,716.31,721.74,296061
20120328,704.95,697.21,702.63,1384192
20120402,708.70,699.40,702.37,64475
20120403,697.21,684.29,700.95,122555
20120404,700.69,684.29,697.46,423362
20120407,697.08,690.23,696.17,286427
20120408,689.59,707.92,718.77,2468529
20120409,697.33,705.86,718.64,356349
20120410,713.99,705.60,718.12,49864
20120411,710.12,710.50,716.96,226865
20120414,716.31,704.95,715.93,245691
20120415,720.45,716.57,715.54,478135
20120416,716.19,697.21,712.70,356339
20120417,693.46,710.12,711.80,251885
20120418,716.31,717.86,712.70,454706
20120421,710.12,710.25,712.31,276101
20120422,710.12,710.12,711.67,142062
20120423,740.07,733.10,737.88,2040519
20120424,733.62,724.32,737.10,85030
20120428,723.03,707.66,717.61,1143722
20120429,691.52,703.66,717.09,42018
20120430,703.53,720.45,715.93,199371
20120501,710.12,717.73,715.54,112940
20120502,710.12,710.12,715.28,61474
20120505,713.73,703.66,714.25,103778
20120506,692.69,710.12,713.47,108405
20120507,697.21,710.12,713.73,204331
20120508,710.50,711.67,713.60,174331
20120509,710.12,703.66,713.34,107351
20120512,697.59,702.37,711.54,213372
20120513,709.86,709.99,711.28,59923
20120514,703.66,694.88,710.76,95259
20120515,707.28,690.75,709.47,139254
20120516,709.99,697.33,709.21,35809
20130209,2130.35,2161.21,2164.57,12784782
20130211,2143.91,2175.54,2165.73,3958577
20130212,2252.23,2252.23,2252.23,16260281
20130213,2342.22,2342.22,2342.22,5921965
20130216,2435.83,2435.83,2435.83,1689522
20130217,2533.18,2532.79,2529.05,24833515
20130218,2542.22,2542.35,2577.98,5746166
20130219,2543.51,2474.95,2481.79,5578818
20130220,2455.71,2543.51,2536.80,7135644
20130223,2537.05,2638.15,2630.66,15389779
20130224,2646.80,2530.60,2642.54,9535704
20130225,2536.93,2536.93,2537.31,2168631
20130311,2711.23,2633.89,2658.42,6924681
20130312,2608.07,2633.89,2625.88,4110315
20130313,2698.45,2672.62,2705.42,13603025
20130316,2659.58,2597.22,2615.55,1931229
20130317,2511.36,2569.20,2525.82,24844123
20130318,2555.13,2626.79,2595.41,59226130
20130325,2699.22,2699.22,2699.22,1664903
20130326,2807.16,2807.16,2807.16,1664903
20130327,2919.36,2919.36,2919.10,14316262
20130330,2916.52,2946.86,2892.24,3648537
20130331,2956.67,2964.42,2992.82,4797329
20130403,2969.32,3017.35,3007.15,2309956
20130406,2969.58,2952.02,2987.91,2066108
20130407,2969.58,2952.67,2933.30,2754581
20130408,2969.58,3050.53,3049.50,13864380
20130409,3136.14,3089.65,3115.35,7329962
20130410,2995.40,3017.48,3046.27,3891934
20130413,2995.40,2982.49,2953.96,3258549
20130415,2953.18,3022.52,3010.64,3521299
20130416,3034.14,3130.97,3126.71,16405678
20130417,3150.34,3098.69,3116.51,6996965
20130420,3214.89,3240.46,3233.23,9985777
20130421,3260.08,3171.00,3209.86,2580172
20130422,3227.81,3205.73,3215.28,6288342
20130423,3214.89,3215.41,3202.76,7798990
20130424,3227.81,3330.84,3319.09,6650700
20130427,3451.81,3451.81,3451.81,3950800
20130428,3589.84,3589.84,3583.77,14052374
20130430,3873.37,3718.43,3752.00,9466752
20130501,3744.38,3902.03,3891.05,13020449
20130504,4041.21,3757.17,3920.62,9505015
20130505,3808.81,3763.88,3766.59,5880508
20130506,3749.55,3616.05,3683.57,7947055
20130507,3653.88,3536.25,3573.83,1431735
20130508,3430.90,3430.90,3551.10,264613
20130511,3479.57,3693.13,3599.65,4233575
20130512,3743.61,3498.94,3592.55,10358647
20130513,3448.85,3448.85,3449.10,2056379
20130514,3311.21,3311.21,3311.21,3737578
20130515,3227.81,3201.85,3263.05,9294694
20130518,3189.07,3132.65,3195.91,951715
20130519,3068.09,3240.72,3115.74,7046453
20130520,3214.89,3240.33,3236.97,4012964
20130521,3318.18,3160.67,3224.71,4581276
20130522,3118.71,3234.26,3173.84,2681858
20130525,3247.17,3300.75,3284.49,1473386
20130526,3415.79,3415.79,3415.79,2506522
20130527,3447.30,3395.65,3416.44,6244853
20130528,3395.52,3385.84,3424.18,2496909
20130529,3421.47,3389.20,3397.97,2609326
20130601,3408.56,3292.10,3272.48,3608827
20130602,3272.99,3318.18,3321.28,1283583
20130603,3292.23,3300.88,3336.52,2929283
20130608,3266.93,3228.32,3260.21,1489642
20130609,3189.59,3208.44,3224.06,1756933
20130610,3169.70,3279.45,3228.71,1191515
20130611,3336.26,3350.46,3341.42,1669808
20130612,3266.54,3285.91,3276.87,1797589
20130615,3382.74,3407.92,3407.14,2240983
20130616,3543.36,3542.97,3523.60,4608847
20130617,3576.41,3514.95,3533.93,2725757
20130618,3542.45,3675.18,3664.08,5043790
20130619,3795.90,3695.84,3704.23,1667679
20130622,3731.34,3556.14,3566.72,1694187
20130623,3486.03,3524.76,3561.04,1532190
20130625,3576.41,3569.31,3557.43,692025
20130626,3666.14,3699.71,3694.80,1727368
20130629,3842.51,3744.12,3808.04,8161353
20130630,3735.22,3789.44,3780.66,5451244
20130701,3834.63,3719.85,3763.88,2816501
20130702,3744.12,3678.54,3690.54,2002523
20130703,3735.22,3731.21,3778.47,5240575
20130706,3847.54,3873.24,3887.57,4909269
20130909,3434.38,3382.74,3399.65,4648613
20130910,3534.96,3535.61,3533.41,2087670
20130911,3674.66,3610.75,3652.84,5950946
20130914,3652.84,3582.86,3530.70,3254649
20130915,3563.50,3421.47,3496.87,2320311
20130916,3471.70,3498.94,3469.89,1924778
20130917,3531.22,3430.51,3487.45,2076609
20130918,3523.99,3421.47,3464.34,5460362
20130921,3471.83,3460.21,3425.73,3721768
20130922,3299.59,3408.69,3384.16,3477810
20130923,3421.47,3519.47,3510.04,6129321
20130924,3589.19,3479.06,3514.82,2001347
20130925,3529.93,3514.31,3516.63,2882814
20130928,3602.23,3576.41,3597.84,2097338
20130929,3615.14,3741.67,3719.21,11009333
20130930,3860.45,3860.45,3863.42,10024926
20131001,3934.05,3937.92,3927.46,4491861
20131002,3912.10,3912.10,3930.82,4220881
20131005,3986.98,4028.30,3999.38,3963744
20131006,4158.70,4025.72,4083.43,4336748
20131007,3927.72,3963.74,3945.93,2626534
20131008,4023.14,3869.49,3899.96,6011318
20131009,3950.83,3989.31,3985.56,4155851
20131012,3937.92,4144.89,4066.52,6048853
20131013,4229.07,4229.07,4228.68,2944601
20131014,4397.82,4397.82,4397.82,4004953
20131015,4573.67,4573.67,4573.67,2021440
20131019,4756.49,4756.49,4756.11,23530325
20131020,4565.92,4565.92,4575.09,13341295
20131021,4518.93,4392.14,4434.36,8294777
20131022,4257.22,4257.09,4258.77,1652975
20131023,4090.27,4312.35,4156.64,7218138
20131026,4260.70,4223.26,4311.19,5352843
20131027,4221.97,4138.82,4153.02,2501337
20131028,4002.48,4017.97,4023.01,4243809
20131029,4125.13,4118.55,4145.41,4200170
20131030,4196.15,4105.77,4115.32,2435877
20131102,4086.40,4002.61,3989.95,2152655
20131103,4002.48,3936.63,3974.46,1859604
20131104,3974.07,3950.83,3925.53,2590866
20131105,4002.48,4082.53,4063.94,2783838
20131106,4131.59,4067.03,4156.38,2113701
20131109,4241.34,3990.21,4045.60,1488057
20131110,3915.97,3883.82,3896.61,3834916
20131111,3894.15,3886.28,3906.29,2148948
20131112,3962.45,3966.33,3906.42,2268759
20131116,3963.74,3892.99,3941.80,1877274
20131117,3912.10,3816.43,3845.22,1988616
20131118,3795.90,3795.90,3787.51,2197285
20131119,3802.35,3938.96,3935.47,2720596
20131120,4067.42,4002.48,4032.43,3145129
20131123,4053.99,3871.17,3885.12,4301488
20131124,3873.24,3744.12,3749.42,4042055
20131125,3757.17,3793.32,3803.77,3226586
20131126,3860.20,3727.47,3764.14,1492154
20131127,3642.38,3640.96,3652.71,3085615
20131130,3668.08,3642.38,3658.14,2014404
20131201,3692.48,3731.34,3770.98,2648944
20131202,3802.35,3815.27,3799.00,2144449
20131203,3910.81,3878.40,3892.73,2823917
20131204,3950.83,3873.24,3903.19,1251161
20131207,3950.83,3821.85,3842.38,1428991
20131208,3784.28,3748.64,3754.84,1578225
20131209,3873.24,3905.00,3899.96,2615352
20131210,3996.02,3795.90,3887.96,1951516
20131211,3761.04,3762.33,3777.18,1462608
20131214,3808.81,3750.71,3789.83,1187730
20131215,3757.17,3789.83,3802.48,1530472
20131216,3802.35,3752.00,3762.72,1999617
20131217,3770.08,3731.34,3734.18,1456324
20131218,3730.96,3746.84,3730.96,2575778
20131221,3707.20,3692.61,3674.28,1730979
20131222,3653.88,3731.34,3701.00,842994
20131224,3744.25,3731.34,3719.98,897561
20131225,3744.25,3660.33,3721.40,2580319
20131228,3635.80,3615.53,3677.63,1067686
20131229,3615.14,3615.27,3630.89,1461756
20131230,3615.14,3692.35,3638.64,974230
20140101,3628.18,3741.67,3682.67,987389
20140104,3808.81,3616.69,3692.48,1105464
20140105,3666.66,3640.96,3676.86,692590
20140106,3675.82,3577.05,3588.54,2402574
20140107,3550.71,3511.85,3528.89,2101591
20140108,3498.94,3613.85,3530.06,2023242
20140111,3640.96,3671.18,3666.27,1717647
20140112,3782.99,3546.71,3521.54,43923145
20140113,3615.14,3608.82,3581.19,1139920
20140114,3591.90,3530.06,3574.60,434940
20140115,3537.67,3486.03,3493.52,42023546
20140118,3485.90,3498.94,3479.83,915639
20140120,3486.03,3422.76,3464.47,590181
20140121,3501.39,3420.83,3471.96,41736606
20140122,3403.40,3418.89,3450.78,604743
20140125,3369.83,3460.21,3463.82,1024782
20140126,3572.53,3389.84,3458.40,614282
20140127,3486.03,3511.85,3532.25,42725235
20140128,3563.63,3553.17,3553.81,42630827
20140129,3612.56,3562.21,3600.55,43596921
20140201,3647.42,3593.19,3620.18,2568237
20140202,3653.75,3475.70,3539.09,1043006
20140203,3484.74,3428.06,3514.69,557977
20140204,3509.27,3550.59,3552.52,30351450
20140205,3449.88,3410.50,3483.83,837277
20140208,3359.50,3344.52,3416.95,804199
20140209,3292.36,3417.60,3419.79,885007
20140210,3440.84,3309.53,3395.39,860830
20140212,3305.27,3259.70,3259.95,2916859
20140215,3176.16,3259.70,3259.57,504701
20140216,3280.87,3300.37,3301.92,42348130
20140217,3420.18,3365.70,3366.47,1121958
20140218,3356.92,3349.43,3348.91,41758691
20140219,3382.74,3446.52,3447.04,42992132
20140222,3473.12,3449.62,3449.62,776505
20140223,3395.65,3355.76,3415.41,632277
20140224,3320.77,3361.44,3339.36,1477605
20140225,3280.87,3263.96,3305.27,513369
20140226,3289.78,3437.48,3425.48,4516246
20140301,3553.17,3541.03,3542.32,45777162
20140302,3602.23,3523.60,3523.47,42753279
20140303,3460.21,3390.36,3459.30,953749
20140304,3382.74,3446.26,3445.36,1015219
20140305,3435.80,3503.98,3505.14,1120261
20140308,3550.59,3518.31,3521.41,1011520
20140309,3521.28,3485.51,3495.07,41818928
20140310,3462.79,3485.90,3490.03,7085296
20150317,408.64,424.91,417.16,8415121
20150318,433.82,433.82,424.78,1411847
20150325,441.69,441.69,433.17,1503175
20150328,450.47,450.47,433.56,56174
20150329,450.86,450.86,441.69,1407289
20150330,459.25,459.25,453.05,1928599
20150331,471.13,471.13,460.67,1265893
20150404,479.01,479.01,460.80,11143
20150405,497.60,517.48,517.48,219155
20150406,538.14,538.14,518.39,110141
20150407,539.04,539.04,518.39,2061
20150408,539.04,539.04,518.51,19046
20150411,539.17,539.17,519.03,67009
20150412,539.69,539.69,519.16,17965
20150413,560.61,582.94,582.81,45313
20150414,606.05,606.05,583.33,52037
20150415,606.57,606.57,583.46,9299
20150418,606.70,606.70,596.50,1240038
20150419,620.26,620.26,616.90,1895494
20150420,641.56,641.56,641.56,2965781
20150422,739.17,729.48,722.38,78427067
20150425,741.62,751.05,746.91,23146343
20150426,746.27,717.09,725.61,7458728
20150427,696.69,696.69,703.40,1372445
20150428,675.39,675.39,675.90,17405588
20150429,671.38,673.97,677.97,4704629
20150503,685.59,653.31,657.31,4862711
20150504,655.89,631.10,632.13,6231130
20150505,626.32,608.76,618.19,4655010
20150506,608.76,597.92,599.47,3736754
20150509,600.37,575.97,582.55,3988712
20150510,581.00,559.44,565.25,4960255
20150511,569.13,587.85,582.94,2479723
20150512,605.54,606.18,593.79,1035696
20150513,617.41,617.41,617.16,2128113
20150517,626.19,619.35,618.71,6493212
20150518,619.48,600.63,612.38,1124226
20150519,600.37,608.12,609.93,1948168
20150520,602.95,611.99,611.73,1417124
20150523,614.83,600.37,603.47,1470695
20150524,603.60,600.50,602.57,1520883
20150525,610.83,622.06,629.16,101642925
20150526,630.07,628.78,631.49,6552078
20150527,632.65,626.97,628.91,1397989
20150530,626.32,627.49,635.10,3831559
20150531,626.45,621.93,624.26,2003486
20150601,619.74,632.39,627.49,1614779
20150602,632.39,633.68,630.45,1372931
20150606,621.16,623.74,630.58,1030135
20150607,619.87,620.38,627.61,1237629
20150608,625.94,616.64,623.35,817975
20150609,610.18,603.99,607.73,3120189
20150610,609.41,598.56,605.41,694696
20150613,605.41,602.95,606.31,476988
20150614,606.44,596.63,605.54,352073
20150615,595.08,599.08,604.50,467433
20150616,604.50,610.31,607.21,758996
20150622,637.56,637.56,637.56,2142594
20150623,669.32,669.32,639.11,102758
20150624,671.00,671.00,669.83,48723112
20150627,671.51,652.02,668.54,4790763
20150628,653.95,642.59,649.56,4284763
20150629,645.56,669.96,659.76,1945989
20150630,664.93,692.69,688.43,7730213
20150701,691.91,680.29,686.88,4051166
20150704,695.91,706.24,710.89,5715236
20150705,709.86,687.14,693.72,2899741
20150706,695.91,708.31,708.31,5013028
20150707,717.22,723.03,722.64,5501245
20150711,708.83,730.78,719.15,3773109
20150712,740.97,755.05,754.14,13962857
20150713,791.85,791.85,791.85,8231076
20150714,831.35,831.35,825.54,27699425
20150715,837.68,801.79,807.21,14504747
20150720,812.12,767.06,770.93,15076464
20150810,804.40,800.68,797.82,27107916
20150812,811.55,792.38,802.68,14032134
20150815,800.68,766.64,771.50,8353835
20150816,769.50,733.17,742.04,5761612
20150817,736.03,712.29,722.30,2978768
20150818,715.15,708.57,720.30,29185533
20150819,720.30,695.12,702.56,4873918
20150822,686.54,680.25,686.83,4305506
20150823,687.97,692.26,694.55,2314941
20150824,704.28,693.69,711.71,53079120
20150825,692.26,711.71,696.55,2831283
20150826,700.27,706.85,699.70,2989907
20150829,710.86,703.71,706.28,2566853
20150830,709.43,709.43,706.28,2208050
20150831,709.43,697.98,704.28,1235579
20150901,700.84,715.15,714.00,7175369
20150902,712.29,729.45,719.15,2101879
20150905,737.75,737.46,726.59,1503880
20150906,738.03,733.17,732.02,2692144
20150907,732.88,730.88,735.17,2660236
20150908,743.75,725.16,734.03,2549096
20150909,725.45,742.61,736.89,5985000
20150912,738.32,729.45,736.89,2217395
20150913,740.61,709.43,721.73,1994999
20150914,726.59,709.43,722.01,2776296
20150915,715.15,687.40,703.71,2463411
20150916,699.99,689.40,697.41,1832911
20150919,714.00,677.67,692.83,1321850
20150920,675.67,667.09,689.40,41436959
20150921,665.09,657.94,656.22,11498484
20150922,649.35,674.53,663.94,2219188
20150923,677.96,680.82,673.95,2078387
20150926,683.68,665.37,671.67,1655360
20150927,667.38,686.26,674.81,2624171
20150928,690.55,690.55,679.68,1639557
20150929,692.26,692.26,681.68,975997
20150930,686.54,680.82,683.11,1497277
20151003,689.40,667.09,679.96,902484
20151004,680.82,674.53,678.25,1966162
20151005,678.82,680.25,682.82,7813856
20151006,686.54,669.66,681.68,676988
20151007,667.09,686.26,688.26,16473953
20151010,686.54,680.82,687.69,1176970
20151011,680.25,678.25,685.40,1104945
20151012,685.11,676.53,684.54,9834910
20151013,683.68,696.55,686.83,3497316
20151014,695.98,691.69,691.40,2652168
20151017,697.70,725.73,720.01,8444419
20151018,740.61,715.15,731.45,5499835
20151019,718.01,715.72,728.02,1693379
20151020,716.01,712.57,727.16,7760259
20151021,724.59,709.14,719.72,1453639
20151025,701.42,687.97,703.42,2133148
20151026,675.39,690.26,701.99,958359
20151027,708.00,700.56,701.99,2770546
20151028,700.84,692.26,698.56,1470250
20151031,700.84,696.27,696.84,1416270
20151101,696.55,686.54,692.26,1881781
20151102,688.83,688.83,690.83,1042909
20151103,686.54,700.84,693.12,1429498
20151104,701.42,695.41,694.55,795833
20151107,689.97,706.57,695.98,6132282
20151108,706.57,700.84,698.56,1006394
20151109,699.41,702.85,705.42,5509966
20151110,695.41,704.85,704.85,1016722
20151111,695.12,695.70,703.13,871338
20151114,695.41,697.98,702.56,1589135
20151115,672.52,679.96,681.68,19684382
20151116,683.68,682.25,685.97,13122927
20151117,673.67,663.66,669.38,5975434
20151118,661.08,663.66,668.23,12647559
20151121,658.79,652.21,665.09,18374830
20151122,657.94,647.92,649.93,5249289
20151123,657.36,643.92,648.78,5247420
20151124,654.79,663.66,657.65,10948689
20151125,669.38,663.66,665.37,16055853
20151128,651.36,654.50,661.65,1540999
20151129,649.35,650.78,666.80,11200406
20151130,651.07,655.65,663.08,1806677
20151201,655.36,651.93,657.94,2299508
20151205,655.93,649.35,655.08,1629379
20151206,649.35,660.51,655.65,10888303
20151207,652.21,647.35,656.79,9074748
20151208,652.50,656.79,661.37,13830904
20151209,646.49,653.36,658.79,1475700
20151213,649.35,631.90,632.19,7193631
20151214,626.47,625.90,626.18,2153023
20151215,624.18,623.61,626.18,1456902
20151216,637.05,609.31,629.62,9743984
20151219,620.75,598.15,599.01,6694785
20151220,597.86,569.26,574.12,4783011
20151221,561.25,572.69,574.69,4096658
20151222,572.69,572.40,572.98,1857980
20151223,571.55,568.97,572.40,8733485
20151226,572.12,552.09,561.25,4694715
20151227,551.52,557.53,558.39,2288276
20151228,562.96,550.66,556.10,1852221
20151230,562.39,554.95,557.24,2820625
20160102,560.68,552.09,554.10,2770711
20160103,555.53,553.24,552.09,2583212
20160104,548.66,552.09,552.38,4994167
20160105,552.09,577.84,570.12,5351346
20160106,575.26,574.69,573.26,3045495
20160109,571.83,552.95,563.25,2987436
20160110,552.38,557.53,559.53,1749037
20160111,557.82,552.09,552.09,7420961
20160112,550.95,546.66,546.66,4693062
20160113,546.37,573.83,563.54,7245354
20160116,591.57,591.57,591.57,6286062
20160117,621.03,607.88,617.60,33153322
20160118,606.45,609.31,607.59,7538952
20160119,620.75,603.87,613.88,6772977
20160120,612.45,608.16,608.73,7186957
20160123,628.47,631.62,625.61,8690741
20160124,629.33,644.20,644.20,13429390
20160125,652.21,676.24,661.37,10867897
20160126,694.27,694.27,693.41,9862322
20160127,707.14,715.15,706.85,14808622
20160130,718.01,742.04,740.89,21936685
20160131,758.06,777.79,766.35,32611344
20160201,795.24,804.40,801.82,11181830
20160202,841.87,841.87,841.87,9810991
20160203,858.18,823.28,840.73,44822327
20160206,818.13,820.99,830.43,18852293
20160207,829.57,823.85,834.15,15683037
20160208,837.87,875.63,863.61,33552627
20160209,906.52,884.21,905.09,28135317
20160210,901.09,915.10,940.56,30772139
20160213,960.87,896.79,932.27,2465670
20160215,858.18,886.78,889.93,27363643
20160216,903.09,845.59,859.89,11106291
20160217,832.43,849.60,853.89,16350313
20160220,861.32,812.41,827.57,15713796
20160221,829.57,868.76,860.75,46194396
20160222,895.36,903.66,902.80,24319887
20160223,947.71,915.39,937.99,41035487
20160224,912.24,943.71,948.29,24391091
20160227,953.43,995.49,993.20,23694044
20160228,1042.68,998.35,1015.80,36092929
20160229,1001.21,965.16,971.17,15438761
20160301,936.84,937.99,958.30,43494572
20160302,935.98,920.25,931.98,11730658
20160305,946.00,978.32,974.60,24658962
20160306,989.76,943.71,957.73,12973461
20160307,952.58,938.27,949.14,9578952
20160308,957.73,958.30,967.17,12274931
20160309,961.16,947.43,955.15,11450945
20160312,944.57,929.69,938.27,39994866
20160314,926.83,915.39,914.24,12090317
20160315,909.67,918.25,943.14,40137313
20160316,940.85,915.10,906.81,7332904
20160326,904.23,952.00,940.85,4724897
20160327,952.58,932.55,942.28,2315950
20160328,919.68,929.69,933.12,1738300
20160329,918.82,912.53,914.82,3041615
20160330,903.95,960.30,954.01,14658557
20160402,975.75,929.12,953.72,11949855
20160403,923.97,906.52,908.24,7665956
20160404,911.67,943.99,916.82,7910662
20160405,918.25,918.25,923.11,3366906
20160406,923.11,909.67,913.10,3253020
20160409,930.26,911.10,916.53,2691106
20160410,915.39,901.09,904.23,3488838
20160411,903.95,900.80,902.52,2303878
20160412,914.82,901.66,903.95,4582676
20160413,909.10,901.09,909.95,4129979
20160416,901.09,864.47,867.33,4694691
20160417,833.29,848.74,845.30,4071859
20160418,834.72,838.15,842.16,5488668
20160419,843.87,866.76,845.59,4896636
20160420,869.62,851.03,863.61,3039892
20160423,858.18,835.86,853.31,2557488
20160424,856.75,872.48,862.18,4026140
20160425,878.20,829.57,843.02,11252810
20160426,849.31,823.85,829.00,3900567
20160427,815.27,829.57,829.00,3788906
20160430,829.86,829.57,831.29,5502031
20160501,831.29,820.99,820.42,2594587
20160502,811.26,804.11,810.69,2681478
20160503,804.97,780.94,789.52,3537302
20160504,780.65,783.80,785.23,2229494
20160507,779.51,761.20,786.66,10739547
20160508,762.06,762.63,768.35,2526148
20160509,766.35,758.63,766.35,1380101
20160510,755.20,729.45,744.04,2869291
20160511,743.18,729.45,742.90,8448025
20160514,724.02,738.03,745.18,4917772
20160515,749.47,756.91,771.79,34570320
20160516,752.34,798.39,794.10,34092755
20160517,804.97,833.58,831.57,32063761
20160518,849.60,846.16,854.46,30365533
20160521,843.87,832.43,847.59,10678979
20160523,841.59,823.85,837.87,2724017
20160524,826.42,826.71,828.71,1834075
20160525,828.71,841.01,849.60,11645251
20160528,841.30,824.99,845.02,930688
20160529,825.85,837.01,865.61,20091849
20160530,831.00,831.57,850.74,1812959
20160531,830.14,826.14,855.89,7617105
20160601,835.01,829.86,849.60,933537
20160605,841.01,835.29,845.59,11626548
20160606,832.43,834.72,841.01,1041044
20160607,838.15,820.99,836.15,999776
20160608,823.85,812.41,831.57,1162720
20160611,806.97,790.67,812.12,1767157
20160612,795.24,794.39,797.25,1605253
20160613,784.09,775.22,792.67,844573
20160614,772.65,753.19,768.35,2287364
20160615,743.75,768.64,777.79,10110211
20160618,760.92,766.64,775.22,902418
20160619,763.78,756.63,770.93,1116785
20160620,752.34,749.47,759.49,1567599
20160621,752.34,772.07,758.63,801702
20160622,758.63,772.36,768.93,2921677
20160625,756.34,739.18,758.91,1337028
20160626,752.34,757.48,756.05,1492589
20160628,738.32,744.90,750.90,3042714
20160629,754.91,734.31,737.75,2847498
20160702,730.88,744.90,739.18,2110783
20160703,746.61,744.33,743.75,2112109
20160704,744.04,751.76,758.34,6622967
20160705,736.89,743.75,755.77,617518
20160709,755.48,740.61,752.05,800639
20160710,740.32,743.18,766.35,12409412
20160711,739.18,732.31,735.17,3517919
20160712,743.47,716.58,740.32,11044341
20160713,718.29,743.47,744.90,5718581
20160716,732.31,782.09,770.64,9872064
20160717,786.66,789.52,803.25,12943428
20160718,796.67,766.64,799.25,16800096
20160725,843.62,818.35,830.68,2831713
20160726,822.67,818.04,825.44,3679940
20160727,828.21,825.75,837.15,9787812
20160731,831.60,802.02,811.88,8634322
20160801,801.10,807.26,800.48,4177439
20160802,795.24,840.23,827.90,12073688
20160803,842.08,843.31,859.33,13515915
20160806,838.38,862.72,862.72,10683601
20160807,871.35,832.22,852.55,5040689
20160808,832.22,834.99,839.00,2441164
20160809,825.75,841.46,847.01,4432141
20160810,835.30,816.81,825.44,3540085
20160813,839.61,847.31,838.07,4572822
20160814,847.31,832.22,843.00,3747846
20160815,832.22,823.59,834.99,2049597
20160816,819.58,819.28,831.91,1216830
20160817,831.91,820.20,832.53,5639864
20160820,822.67,868.57,857.79,12706795
20160821,863.03,842.69,859.64,8018860
20160822,850.40,837.45,841.77,2711108
20160823,827.29,828.83,835.30,1884298
20160824,835.30,819.58,829.44,1978379
20160827,819.58,813.42,819.58,2520345
20160828,822.67,795.86,803.25,4123465
20160829,797.40,786.00,797.09,3082551
20160830,799.87,791.85,796.17,855133
20160831,785.69,788.77,794.32,1156473
20160903,778.91,784.15,787.23,1659889
20160904,773.68,762.58,769.36,3189848
20160905,758.27,793.70,777.68,1736301
20160906,799.25,781.07,789.70,5887000
20160907,801.41,771.52,784.77,3288493
20160910,785.69,767.20,779.53,1265916
20160911,761.66,757.96,773.98,1240686
20160913,764.74,751.80,759.19,2732369
20160914,765.36,771.21,772.13,5142293
20160917,770.29,757.96,769.05,1194126
20160918,768.44,755.19,766.28,3115762
20160919,770.29,760.12,765.97,588350
20160921,754.88,754.88,763.82,1086979
20160924,769.36,773.06,766.90,1450201
20160925,771.21,766.90,770.29,3795947
20160926,770.59,759.50,768.13,1317439
20160927,761.04,757.96,762.28,2376520
20160928,757.96,764.12,761.66,2284834
20161001,782.61,777.99,785.08,5268402
20161002,785.69,764.43,770.29,2697268
20161003,768.75,776.45,775.52,7017786
20161004,785.08,771.21,778.91,3550957
20161005,785.69,773.06,774.29,2935471
20161008,776.45,774.91,785.08,6225541
20161009,779.53,773.37,779.53,1532642
20161010,776.45,770.90,776.14,3176145
20161015,783.53,814.65,812.19,31776707
20161016,820.20,799.56,813.11,7462011
20161017,804.18,815.89,814.35,2482499
20161018,807.26,791.85,795.24,3755466
20161019,804.18,809.11,795.24,2972383
20161022,813.42,834.99,831.60,23482727
20161023,862.72,860.56,867.65,51052594
20161024,884.29,910.79,907.40,62295664
20161025,915.10,908.94,900.93,18500141
20161026,903.08,945.91,940.37,42013491
20161029,953.00,924.65,948.07,19124300
20161030,930.81,942.83,945.60,13129364
20161031,951.77,912.63,925.88,9932478
20161101,905.86,882.75,890.14,8600839
20161102,879.67,873.81,885.83,7238947
20161105,866.11,841.77,843.00,17816097
20161106,841.15,834.99,839.92,5871388
20161107,847.62,847.31,848.86,5984379
20161108,856.25,850.09,849.16,5549894
20161109,807.26,825.75,811.57,15063727
20161112,831.91,807.26,806.95,4515481
20161113,807.26,825.13,816.20,2470247
20161114,825.75,856.87,854.40,9632052
20161115,878.13,853.48,863.64,6751923
20161116,862.41,841.15,854.40,7120526
20161119,859.64,850.40,850.40,1253461
20161121,859.95,853.48,854.40,1899896
20161122,863.03,872.58,873.50,8010423
20161123,880.59,878.13,874.43,4277710
20161126,874.12,839.61,851.01,4354722
20161127,837.15,834.37,837.15,5191224
20161129,847.31,841.15,842.08,2695742
20161203,883.98,879.67,881.82,40452258
20161204,883.06,868.57,871.66,5824536
20161205,850.40,847.01,850.09,4608434
20161206,847.31,844.23,853.79,3581722
20161207,847.31,853.48,845.47,6755952
20161210,858.10,862.10,864.57,5311116
20161211,877.20,880.28,875.97,6197146
20161212,893.53,890.45,898.46,10621023
20161213,905.86,875.04,892.61,4991624
20161214,881.21,863.95,868.27,4392801
20161218,854.71,851.01,861.49,1596606
20161219,853.48,846.70,849.78,2776589
20161220,842.69,838.07,833.45,3560055
20161221,831.91,839.61,838.69,3130949
20161224,838.07,843.93,842.69,1997552
20161225,860.87,838.07,841.77,1683120
20161226,850.40,835.30,840.84,1437483
20161227,834.99,831.91,831.60,4089444
20161228,831.91,837.15,838.07,2196532
20161231,850.40,834.99,843.00,7572688
20170101,843.00,828.83,831.29,3331542
20170102,831.91,862.41,853.17,6510225
20170103,854.09,850.40,860.56,5097086
20170104,853.48,858.10,856.87,3265413
20170107,862.41,850.70,852.86,5636189
20170108,856.56,857.79,860.26,3857211
20170109,845.77,838.07,846.08,4448413
20170111,817.43,803.87,805.41,14083250
20170114,800.48,786.31,792.47,3468698
20170115,780.76,791.85,790.62,3120457
20170116,800.48,813.42,799.56,4550802
20170117,802.64,794.01,797.09,1790941
20170118,788.77,800.79,793.39,2925767
20170121,786.62,790.01,800.79,3626729
20170122,790.01,785.69,797.40,1954954
20170123,782.92,781.07,790.93,1783741
20170124,781.07,782.30,788.46,1326412
20170125,785.69,773.37,776.45,4355215
20170128,788.77,770.59,776.76,1399771
20170129,779.53,770.59,777.68,2172419
20170130,776.45,774.29,771.52,5444141
20170131,775.22,770.90,767.20,7857469
20170201,770.90,774.91,769.67,1580923
20170204,779.53,747.79,764.12,1829399
20170205,747.18,750.26,760.73,1422355
20170206,756.11,761.04,766.28,4165137
20170207,755.80,742.86,763.82,1987308
20170208,764.12,761.04,763.51,1368792
20170211,758.89,753.03,765.97,3869754
20170212,755.19,767.20,771.21,4261121
20170213,767.20,753.03,765.36,1572218
20170214,754.88,751.49,761.97,1170353
20170215,757.65,753.34,762.89,3096041
20170218,769.36,777.99,777.68,4989627
20170219,771.21,767.20,775.52,1492771
20170220,790.31,814.04,809.72,35086727
20170307,819.58,812.81,814.65,18663598
20170308,822.67,804.18,827.60,12089158
20170311,807.26,802.95,812.81,12874548
20170312,801.41,812.50,821.43,6265653
20170313,809.11,820.51,832.22,7612336
20170314,834.68,844.23,844.85,6553231
20170315,846.70,828.83,837.76,3110521
20170318,831.91,824.21,824.21,6044358
20170325,807.26,814.96,823.28,615160
20170326,819.58,834.99,823.59,3164581
20170327,831.60,826.67,831.29,4023923
20170328,825.75,819.89,830.37,1664532
20170329,819.89,823.28,828.83,1017963
20170403,834.99,841.15,835.91,3086410
20170404,841.15,844.54,838.07,3750306
20170405,844.23,847.31,847.93,5311291
20170408,856.56,842.69,847.31,3552068
20170409,830.68,831.91,839.92,1765574
20170410,829.14,847.62,848.55,5759869
20170412,853.17,853.48,853.17,4565179
20170415,848.86,855.33,856.25,5456807
20170416,856.25,898.77,895.07,40904944
20170417,915.10,905.86,914.18,20164219
20170418,918.18,908.94,908.94,6205273
20170419,902.78,912.02,908.63,4104951
20170422,914.79,953.31,942.83,19111566
20170423,961.32,954.54,968.10,25001981
20170424,958.24,939.75,946.84,2924768
20170426,948.07,985.35,976.41,14660706
20170429,989.05,1003.84,1014.93,19154898
20170430,1015.24,982.88,999.52,10559591
20170501,985.97,970.56,972.41,4409692
20170502,975.18,979.80,979.80,8758636
20170503,985.97,969.94,977.96,4822196
20170506,970.56,964.40,952.69,11023518
20170507,961.32,961.32,963.47,3703185
20170508,961.32,969.02,973.95,6841143
20170509,961.32,982.88,983.19,11307829
20170510,982.88,976.72,981.65,3473991
20170513,985.04,979.80,982.27,3964988
20170514,967.17,970.56,975.18,6923476
20170515,963.47,975.18,988.43,3776684
20170516,985.97,985.97,991.20,5278156
20170517,1010.92,989.36,998.60,8815660
20170520,1010.62,998.91,1011.54,3133449
20170521,985.97,980.42,995.21,3584482
20170522,982.88,979.19,989.97,1599406
20170523,985.97,980.11,991.20,3074810
20170524,985.97,973.64,978.26,2375721
20170527,981.34,989.05,965.94,4185093
20170528,970.56,961.63,979.50,3832001
20170529,956.70,965.94,982.88,5972752
20170530,985.97,966.55,981.04,3692353
20170531,981.04,963.17,976.41,933396
20170603,962.24,952.69,955.46,2685496
20170606,955.77,945.91,953.31,2001347
20170607,940.37,945.60,957.00,4342737
20170610,970.56,937.59,953.31,1041367
20170611,955.15,942.21,959.16,6078974
20170612,960.39,948.38,947.14,1780432
20170613,945.60,939.13,941.29,1140415
20170614,944.37,936.98,942.21,1009317
20170617,943.14,919.11,932.66,1690868
20170618,933.59,902.78,922.49,1899461
20170619,918.49,897.54,904.62,3446271
20170620,887.37,884.60,900.00,1616940
20170621,900.62,871.96,882.44,2771293
20170624,866.11,867.34,875.35,2164294
20170625,871.96,881.21,880.28,2680168
20170628,878.13,892.61,881.52,756727
20170701,895.07,902.47,885.21,1050089
20170702,899.69,893.53,896.00,2944898
20170703,908.01,892.61,900.31,4632076
20170704,900.62,889.53,897.85,8658326
20170705,898.15,893.53,893.84,12006276
20170708,938.52,938.52,938.52,31736216
20170731,983.83,960.67,973.09,28040436
20170801,960.00,955.97,961.34,8313124
20170802,960.00,940.53,953.96,5112434
20170806,961.34,938.18,948.59,5893440
20170807,952.61,932.81,937.85,2594159
20170808,946.57,926.43,930.46,3598149
20170809,926.43,932.47,933.48,8337902
20170812,933.15,956.64,969.06,20957181
20170813,949.93,940.87,958.32,4726810
20170814,956.64,943.89,951.94,2078018
20170815,939.86,951.61,958.32,3859655
20170816,966.38,951.94,955.97,2338471
20170819,953.29,963.36,978.80,11157472
20170820,981.48,968.05,974.77,5770977
20170821,973.09,963.36,966.38,2884537
20170822,973.43,966.71,969.40,2602569
20170823,979.13,972.42,972.75,5486601
20170826,979.13,956.98,965.03,2878553
20170827,956.98,953.96,958.32,2186124
20170828,958.99,963.36,957.99,2901350
20170829,956.64,958.99,959.33,4181358
20170830,958.32,973.43,971.75,10714071
20170902,976.78,985.85,980.47,5615820
20170903,984.84,1006.99,1001.29,10219938
20170904,1010.01,1051.30,1047.94,37049797
20170905,1060.70,1045.26,1057.01,4786205
20170906,1057.34,1050.63,1047.27,6862381
20170910,1040.56,1037.20,1037.87,6202837
20170911,1040.56,1057.01,1044.59,6686083
20170912,1053.98,1050.63,1056.00,5008683
20170913,1054.32,1069.76,1070.43,24102738
20170916,1077.48,1102.99,1107.36,43644726
20170917,1108.36,1097.29,1092.59,7907707
20170918,1095.61,1107.69,1101.65,7746942
20170919,1100.98,1130.52,1131.19,17911523
20170920,1137.90,1121.12,1114.40,11860962
20170923,1114.40,1113.06,1125.15,5423086
20170924,1108.03,1105.68,1105.68,7062433
20170925,1111.05,1104.67,1104.33,6936868
20170926,1114.40,1117.76,1116.75,7180866
20170927,1117.76,1117.76,1119.10,7466316
20171002,1107.36,1104.33,1098.63,4520742
20171003,1104.00,1089.90,1086.88,4988811
20171004,1082.52,1074.12,1084.53,3066067
20171007,1084.19,1062.38,1065.40,4548297
20171008,1055.66,1065.73,1048.95,11607951
20171009,1060.70,1045.59,1053.65,4352814
20171010,1060.70,1055.66,1058.68,3148105
20171011,1063.72,1060.70,1067.41,4098761
20171014,1074.12,1087.22,1083.86,4172307
20171015,1090.91,1090.91,1093.26,6152615
20171016,1097.29,1091.24,1091.24,9355715
20171017,1087.55,1099.64,1097.29,4281722
20171018,1100.98,1139.24,1129.51,15205350
20171021,1151.66,1161.40,1159.72,12191634
20171022,1168.11,1124.47,1137.90,5588754
20171023,1118.77,1111.05,1112.73,5188295
20171024,1115.41,1136.22,1133.87,8230988
20171025,1141.26,1134.54,1136.22,2564588
20171028,1141.26,1147.97,1148.98,9995904
20171029,1154.35,1206.38,1201.68,72687225
20171030,1218.46,1184.89,1195.64,15423023
20171031,1198.32,1200.00,1200.00,17980578
20171101,1204.70,1221.48,1218.46,13703842
20171104,1230.54,1183.55,1203.69,8597883
20171105,1191.61,1178.18,1180.87,7236579
20171106,1186.57,1174.82,1172.47,3604586
20171107,1198.66,1184.89,1193.29,12600486
20171108,1178.52,1173.48,1182.54,8874032
20171111,1194.96,1194.96,1191.94,11090007
20171112,1197.65,1208.39,1207.05,8391987
20171113,1210.74,1225.17,1223.83,14882549
20171114,1225.17,1237.59,1238.60,15397246
20171115,1234.91,1231.89,1228.53,21865415
20171118,1247.66,1268.81,1258.74,21628558
20171120,1272.50,1281.23,1272.50,38765630
20171121,1293.98,1335.94,1334.60,129823307
20171122,1351.05,1375.89,1366.49,27261438
20171125,1392.33,1411.80,1424.89,38482968
20171126,1418.18,1396.36,1401.06,15401684
20171128,1443.36,1406.43,1425.90,31524959
20171129,1410.12,1409.79,1407.77,17740686
20171202,1429.59,1406.43,1413.82,6207569
20171203,1409.79,1376.22,1375.55,17758574
20171204,1359.44,1382.60,1380.25,8534783
20171205,1376.22,1363.47,1371.86,7483324
20171209,1382.94,1376.89,1374.88,11059722
20171210,1385.96,1443.36,1435.63,56316520
20171211,1473.56,1477.59,1463.49,21788789
20171217,1540.70,1556.47,1550.77,50406067
20171218,1569.23,1582.66,1567.55,30398975
20171219,1570.91,1554.12,1566.88,20632949
20171220,1551.77,1574.26,1567.55,19724298
20171223,1591.05,1618.91,1601.12,30812139
20171224,1627.97,1664.89,1645.76,16846251
20171225,1666.57,1648.45,1667.24,20418670
20171226,1658.18,1644.42,1640.39,8553402
20171227,1654.82,1617.23,1623.61,8801011
20171230,1597.76,1584.33,1594.40,28661612
20171231,1584.33,1572.59,1555.13,43740756
20180101,1571.24,1567.55,1569.23,11511657
20180102,1591.05,1552.45,1567.55,14124751
20180103,1569.23,1547.41,1549.42,10856315
20180106,1552.78,1576.61,1576.61,7580234
20180107,1579.30,1550.77,1560.84,7665742
20180108,1550.77,1539.02,1556.47,15126798
20180109,1559.83,1540.70,1549.76,17862110
20180110,1562.85,1554.46,1560.84,7007670
20180113,1573.59,1577.62,1581.65,9738357
20180114,1580.98,1637.70,1624.28,12591042
20180115,1648.11,1661.54,1658.18,14741522
20180116,1664.89,1641.40,1649.12,11847300
20180117,1648.11,1644.75,1646.43,8331642
20180120,1646.43,1609.51,1631.33,8246487
20180121,1599.44,1586.68,1586.01,6930819
20180122,1592.73,1594.40,1596.08,5392656
20180123,1590.04,1594.40,1592.39,6643390
20180124,1604.47,1594.74,1604.81,6813334
20180127,1610.85,1591.38,1598.43,2723746
20180128,1592.73,1607.16,1605.48,4251932
20180129,1583.66,1584.33,1594.74,6231834
20180130,1583.33,1553.79,1566.54,10755362
20180131,1554.12,1557.48,1552.78,15048797
20180203,1557.48,1543.72,1538.01,6775641
20180204,1524.25,1540.70,1546.74,4528041
20180205,1547.41,1568.89,1557.15,3773463
20180206,1564.19,1544.05,1548.08,5272629
20180207,1548.42,1544.05,1559.16,2457616
20180210,1503.77,1485.31,1487.66,21174491
20180212,1504.11,1488.67,1478.26,5858725
20180213,1490.68,1547.41,1539.36,11989124
20180214,1560.50,1560.84,1557.82,3732112
20180217,1560.84,1564.19,1572.92,5764803
20180218,1577.29,1567.55,1571.58,6003013
20180219,1566.88,1576.95,1573.93,4967085
20180221,1567.55,1549.42,1554.80,5216798
20180224,1574.26,1560.17,1567.89,12210960
20180225,1574.26,1564.87,1572.59,5301698
20180226,1562.52,1542.38,1560.50,5042713
20180227,1560.50,1528.95,1538.68,7353830
20180228,1537.01,1500.42,1510.49,8066564
20180303,1510.49,1456.78,1467.52,16579797
20180304,1496.73,1453.43,1472.22,4973025
20180305,1472.89,1472.56,1457.45,4663119
20180306,1460.47,1466.85,1470.88,3311383
20180307,1473.23,1453.43,1468.19,4167324
20180310,1468.53,1423.22,1435.30,7731163
20180311,1446.71,1429.93,1435.30,4777644
20180312,1435.30,1443.02,1444.70,4934064
20180313,1446.71,1436.64,1440.33,3085811
20180314,1434.96,1433.29,1434.29,9552696
20180317,1433.96,1418.85,1424.89,7590126
20180318,1443.36,1429.93,1421.54,4061553
20180319,1443.36,1429.93,1436.98,2308743
20180325,1456.11,1440.00,1451.08,2105211
20180326,1453.43,1426.91,1437.65,2920816
20180327,1430.26,1420.19,1421.54,2509378
20180328,1436.64,1404.75,1411.47,4395699
20180403,1423.55,1395.69,1400.73,4699234
20180404,1399.05,1402.74,1396.03,6719623
20180407,1389.65,1393.01,1389.31,3749868
20180408,1376.89,1389.65,1384.95,9340031
20180409,1405.76,1416.50,1412.14,5706430
20180410,1473.23,1470.21,1469.87,19555759
20180411,1480.28,1429.93,1460.47,9070642
20180415,1429.93,1443.69,1460.81,3901364
20180416,1466.85,1443.36,1444.03,3491924
20180417,1453.43,1450.07,1455.10,4955060
20180418,1456.78,1458.46,1453.09,2810813
20180421,1460.81,1462.49,1465.84,3791976
20180422,1450.07,1443.69,1444.03,3040843
20180423,1443.36,1456.78,1463.83,4195742
20180424,1470.21,1501.09,1488.67,10107260
20180425,1501.43,1520.56,1512.17,10233035
20180428,1522.24,1486.99,1482.29,3332753
20180429,1468.53,1490.35,1486.32,3820546
20180430,1493.70,1480.28,1483.30,1765990
20180501,1490.35,1486.32,1489.34,2844325
20180505,1478.60,1460.47,1464.84,2607057
20180506,1463.49,1448.05,1451.41,4430571
20180507,1456.78,1455.44,1458.12,4973658
20180508,1474.24,1466.85,1476.92,9279313
20180509,1469.54,1443.36,1466.85,28595446
20180512,1466.85,1447.38,1457.79,8334732
20180513,1457.45,1444.36,1448.05,3779549
20180514,1453.43,1456.78,1457.79,6010604
20180515,1466.85,1450.07,1456.11,6518800
20180516,1466.18,1450.74,1454.77,10096203
20180519,1466.85,1479.61,1478.60,14622071
20180520,1476.92,1441.68,1450.40,13395192
20180521,1439.66,1429.93,1437.98,7439024
20180522,1439.66,1407.44,1413.15,9730298
20180523,1409.79,1396.70,1408.45,4921940
20180526,1389.31,1362.80,1371.19,14191547
20180527,1361.79,1362.80,1363.47,3240838
20180528,1364.47,1375.55,1375.89,5873528
20180529,1386.29,1380.25,1390.66,3894180
20180530,1389.65,1388.31,1377.90,2496483
20180602,1386.29,1369.17,1371.86,3981969
20180603,1371.86,1372.53,1372.19,2255254
20180610,1342.66,1309.09,1315.80,14825938
20180611,1320.84,1309.09,1313.45,7880235
20180612,1338.29,1309.09,1313.79,5405486
20180613,1325.87,1379.24,1360.11,11110953
20180617,1427.91,1427.91,1427.58,56039087
20180618,1483.30,1419.52,1441.68,15224288
20180619,1424.56,1442.35,1433.62,19380278
20180620,1442.35,1505.12,1504.45,130835850
20180623,1564.19,1570.91,1569.90,62539140
20180624,1576.61,1611.19,1593.40,33859291
20180625,1634.68,1672.95,1670.26,53184691
20180626,1677.98,1587.02,1603.80,36445259
20180627,1599.44,1533.98,1546.40,27091266
20180630,1550.77,1469.20,1533.31,11990941
20180701,1493.70,1469.54,1462.49,26557328
20180702,1486.99,1502.10,1508.47,7934171
20180703,1526.26,1547.41,1562.52,17150320
20180704,1584.33,1484.64,1506.12,20201219
20180707,1476.92,1443.36,1452.75,9048749
20180708,1460.14,1453.09,1453.76,6397887
20180710,1475.58,1448.39,1444.36,5213766
20180711,1461.48,1460.14,1461.82,13160453
20180714,1455.44,1428.25,1447.05,6209614
20180715,1448.39,1430.60,1437.98,4939111
20180716,1452.75,1434.63,1430.94,3914562
20180717,1421.87,1429.93,1420.87,11687926
20180723,1513.71,1473.97,1486.26,6219973
20180724,1470.36,1448.68,1470.36,7119380
20180725,1479.03,1543.70,1537.92,56125379
20180728,1582.35,1614.51,1613.06,52064211
20180729,1643.77,1589.94,1587.05,26281246
20180730,1604.03,1666.17,1657.50,44549801
20180731,1740.23,1740.23,1740.23,19719290
20180801,1826.93,1771.66,1806.70,98331655
20180804,1764.79,1769.85,1785.02,37671477
20180805,1808.14,1871.37,1868.48,70796903
20180806,1961.68,1910.74,1958.79,78657186
20180807,1879.31,1862.33,1910.38,71187885
20180808,1888.71,1842.83,1844.99,36421397
20180811,1842.47,1799.84,1832.71,16185258
20180812,1832.71,1788.27,1815.73,10590619
20180813,1815.73,1813.56,1807.78,16810544
20180814,1817.54,1831.63,1848.61,14991394
20180815,1831.27,1815.37,1808.51,10476941
20180818,1807.06,1842.47,1809.59,17759142
20180819,1845.72,1806.34,1826.93,21486789
20180820,1820.43,1867.75,1855.83,37222037
20180821,1882.20,1936.39,1934.59,51746960
20180825,1968.91,1908.22,1963.13,24669938
20180826,2061.03,2061.03,2061.03,40678465
20180827,2163.99,2232.63,2203.01,114922578
20180828,2093.18,1988.78,1994.56,11089463
20180829,1972.52,1965.30,1993.11,37100227
20180901,2006.84,1914.72,1930.25,21680972
20180902,1916.52,1914.72,1897.74,16205423
20180903,1992.39,1992.39,1992.39,59095149
20180904,2091.74,2091.74,2091.74,55243458
20180905,2127.87,2167.61,2144.48,48985292
20180908,2192.89,2212.76,2226.85,35024602
20180909,2257.92,2312.11,2282.85,9075466
20180910,2396.65,2416.16,2408.93,56194053
20180911,2420.49,2359.08,2351.85,55566181
20180912,2415.07,2469.26,2457.70,45871824
20180915,2580.17,2478.30,2509.37,78774789
20180916,2492.75,2507.20,2481.91,42696061
20180917,2565.00,2554.16,2577.28,43880014
20180918,2583.06,2579.45,2582.34,38720928
20180922,2655.32,2711.31,2700.48,23813877
20180923,2835.23,2835.23,2835.23,55244234
20180924,2962.39,2962.39,2966.37,50314995
20180929,3114.49,3270.19,3269.11,12616166
20180930,3432.40,3432.40,3432.40,54486055
20181001,3604.01,3604.01,3591.72,162494936
20181002,3612.32,3412.17,3442.16,110060821
20181003,3410.37,3614.12,3557.40,60710560
20181006,3735.15,3666.87,3666.14,135611498
20181007,3554.87,3486.59,3587.03,160295650
20181008,3613.04,3766.22,3687.10,88027941
20181009,3871.34,3871.34,3865.93,56852834
20181010,3883.27,4058.84,4011.88,100879249
20181013,4045.48,3811.37,3849.67,30841494
20181014,3659.64,3721.06,3674.09,50369409
20181015,3757.18,3748.51,3758.27,79934420
20181016,3612.68,3574.74,3649.53,75564332
20181017,3576.91,3753.57,3684.57,74784513
20181020,3846.42,3868.45,3862.67,38897494
20181021,4053.42,3972.86,3994.90,88088231
20181022,3937.46,3992.01,3917.95,75455597
20181024,3746.35,3559.21,3613.40,62185209
20181027,3612.68,3432.77,3470.34,28940320
20181028,3442.88,3412.17,3420.12,57511695
20181029,3432.04,3388.69,3430.24,24218724
20181031,3367.01,3280.31,3299.46,38068815
20181103,3298.37,3222.15,3265.50,23793864
20181104,3319.69,3225.76,3246.71,24174374
20181105,3250.69,3227.57,3252.49,19173680
20181106,3269.47,3268.75,3273.45,21933919
20181110,3215.28,3164.34,3196.50,31443309
20181111,3186.38,3085.23,3090.28,26655929
20181112,3114.13,3170.85,3127.13,21444152
20181113,3175.54,3144.47,3165.43,15994661
20181114,3036.45,3021.64,3033.20,20332304
20181117,2973.23,2926.27,2946.14,24301760
20181118,2907.84,2872.08,2831.98,33390311
20181119,2874.25,2973.23,2965.65,25410120
20181120,3027.42,3026.34,3006.11,18603301
20181121,2897.37,2864.85,2891.95,25888690
20181124,2747.44,2747.44,2747.44,9518311
20181126,2610.16,2633.64,2612.33,40470697
20181127,2637.25,2630.03,2666.88,15515700
20181128,2666.88,2572.23,2587.04,16391208
20181201,2489.13,2518.04,2485.52,35389164
20181202,2586.68,2609.80,2600.77,13079055
20181203,2730.46,2730.46,2730.46,11419175
20181204,2763.34,2835.95,2769.12,32818023
20181205,2781.76,2812.47,2809.94,12540353
20181208,2882.92,2821.50,2852.21,18029625
20181209,2854.01,2799.82,2804.52,12024639
20181210,2799.82,2763.70,2787.18,8056635
20181211,2760.08,2693.25,2729.02,7961644
20181212,2675.91,2745.63,2708.06,13882254
20181215,2723.96,2707.70,2711.31,6074767
20181216,2678.80,2637.25,2653.15,11302347
20181217,2604.74,2613.77,2631.47,9388711
20181218,2538.27,2543.32,2574.03,8638554
20181219,2496.72,2474.68,2451.92,26412233
20181222,2351.85,2329.45,2339.57,21745293
20181223,2348.60,2456.26,2441.45,18059700
20181224,2521.65,2481.91,2493.11,11274447
20181225,2402.79,2438.56,2426.63,10037893
20181226,2427.72,2547.66,2519.12,19699745
20181229,2632.92,2644.12,2639.06,20348193
20181230,2651.70,2626.05,2647.37,10693211
20181231,2644.12,2645.56,2656.40,13578291
20190101,2658.21,2602.93,2635.81,11427901
20190102,2608.35,2514.42,2551.99,13885026
20190105,2655.32,2624.61,2640.87,9974001
20190106,2622.80,2615.58,2624.97,8992084
20190107,2608.35,2756.11,2731.54,30141851
20190108,2770.92,2833.78,2844.62,24182027
20190109,2890.14,2865.94,2919.77,15438807
20190112,2958.06,2859.43,2911.82,11931665
20190113,2854.01,2835.95,2842.09,10383272
20190114,2816.44,2876.77,2850.40,16836275
20190115,2875.69,2951.56,2970.70,24741272
20190116,2984.07,3002.50,2994.19,16412544
20190119,3042.23,3072.58,3105.46,22635483
20190120,3251.41,3143.03,3216.73,48427261
20190121,3160.37,3055.96,3088.48,31822583
20190122,3099.68,3096.79,3083.06,16275478
20190123,3088.84,3056.32,3061.74,10535025
20190126,3048.74,2928.07,2957.70,12158096
20190127,2926.27,2880.03,2898.45,12217285
20190128,2954.09,2990.57,2979.01,14869217
20190129,2962.39,2984.07,2990.57,10279932
20190130,2998.52,2987.32,2993.10,6151360
20190202,3016.58,2930.60,2990.93,7778664
20190203,2937.11,2961.31,2946.86,9820163
20190204,2962.39,2928.44,2947.22,4593595
20190205,2926.27,2929.88,2941.44,6034318
20190206,2958.78,2919.04,2929.16,4772823
20190210,2908.20,2890.50,2908.57,4939485
20190212,2874.61,2861.60,2889.78,4837603
20190213,2891.22,2854.01,2856.90,4757172
20190216,2951.56,2893.75,2916.15,8594105
20190217,2944.33,2919.04,2954.45,12348296
20190218,2951.20,2915.07,2940.36,6597593
20190219,2933.49,2924.82,2933.85,5501572
20190220,2919.04,3012.97,2978.65,16060086
20190223,3061.38,3096.06,3118.82,31738445
20190224,3120.63,3123.88,3111.60,11217620
20190225,3132.19,3014.78,3058.13,8685151
20190226,2945.05,2937.47,2946.14,11121573
20190227,2944.69,2955.17,2972.87,4016266
20190302,2962.39,2924.10,2927.35,5268365
20190303,2927.71,2941.08,2932.77,4736015
20190304,2940.72,2933.49,2934.94,7517392
20190305,2928.07,2898.81,2901.34,7257613
20190306,2893.75,2908.93,2918.32,3994648
20190309,2894.12,2881.83,2894.84,7113803
20190310,2899.17,2944.33,2930.96,7073635
20190311,2962.39,3031.76,3062.47,26704669
20190312,3063.19,3038.62,3068.25,11691504
20190313,3081.61,3125.33,3123.52,14569914
20190316,3143.03,3244.18,3263.69,25889727
20190317,3291.15,3248.16,3264.05,11823151
20190318,3252.13,3358.34,3334.50,13226079
20190319,3356.18,3327.28,3338.84,6874247
20190325,3323.66,3330.89,3323.30,3134281
20190326,3309.21,3323.30,3321.49,3760612
20190327,3331.25,3322.58,3338.11,9982525
20190330,3360.51,3427.35,3399.53,16035116
20190331,3457.33,3364.49,3370.63,10621938
20190406,3417.59,3424.82,3447.22,11025260
20190407,3424.82,3406.75,3446.13,10715850
20190408,3457.33,3618.10,3576.19,41223520
20190409,3630.74,3612.68,3625.32,24267388
20190410,3594.61,3612.68,3627.49,24561906
20190413,3641.22,3612.68,3586.67,17200677
20190414,3576.55,3659.64,3625.32,21630193
20190415,3667.95,3704.44,3779.94,31023182
20190416,3706.61,3652.42,3693.60,15317775
20190417,3667.23,3670.48,3648.80,10640268
20190420,3702.63,3721.06,3712.75,10800439
20190422,3794.03,3695.77,3744.54,13899809
20190423,3684.57,3663.25,3686.74,12869066
20190424,3634.35,3743.82,3705.52,11859389
20190427,3705.52,3717.44,3722.14,12348556
20190428,3721.06,3908.19,3903.14,104325823
20190429,4013.68,4097.86,4091.72,46811636
20190430,4172.64,4006.46,4050.17,30270759
20190501,4049.81,4169.03,4117.01,34239730
20190504,4104.00,4136.51,4151.33,15011979
20190505,4190.34,4010.07,4044.03,23402619
20190506,3937.82,3842.08,3851.47,31892912
20190507,3658.92,3662.89,3663.25,70197360
20190508,3576.55,3753.57,3717.81,13195583
20190511,3724.67,3551.26,3574.02,25417265
20190512,3507.55,3485.15,3459.86,18334092
20190513,3510.80,3632.55,3609.43,14340246
20190514,3648.80,3762.60,3778.14,30280556
20190515,3843.89,3731.89,3761.16,7206690
20190518,3814.99,3775.25,3793.31,9319251
20190519,3836.66,3919.75,3847.50,13621836
20190520,3865.56,3757.18,3748.87,26481900
20190521,3742.73,3733.34,3767.66,22243226
20190522,3791.50,3730.81,3723.59,8015494
20190525,3655.31,3632.18,3619.54,13706322
20190526,3617.01,3627.13,3643.38,10221803
20190528,3656.03,3764.41,3756.10,14966106
20190529,3757.18,3861.95,3764.41,6022099
20190602,3757.18,3811.37,3763.69,16584838
20190603,3814.26,3804.15,3801.62,11620609
20190608,3789.34,3769.83,3775.97,8388564
20190609,3793.31,3799.81,3795.12,10566543
20190610,3780.30,3757.54,3785.00,8602964
20190611,3785.36,3768.02,3768.38,7695463
20190612,3809.21,3806.32,3805.95,10423991
20190615,3766.22,3778.14,3779.58,11757885
20190616,3757.18,3916.14,3936.37,34705331
20190617,3938.18,3945.04,3965.63,7926969
20190618,3833.05,3883.63,3881.10,29486873
20190619,3833.05,3818.96,3856.17,23357285
20190622,3777.41,3901.69,3934.20,30442534
20190623,3955.88,4010.07,3999.59,5976628
20190624,4028.13,4035.36,4081.24,9261438
20190625,4027.05,4110.86,4108.34,9178435
20190626,4154.58,4190.70,4221.05,27269445
20190630,4226.83,4145.18,4183.48,4199784
20190701,4154.58,4182.03,4144.46,8417460
20190702,4208.05,4118.81,4121.70,5844527
20190703,4118.45,4107.61,4116.64,7970259
20190706,4136.51,4010.07,4022.72,7893023
20190707,4153.49,4142.66,4175.89,9118102
20190708,4118.45,4129.29,4158.55,9377715
20190709,4158.55,4075.82,4092.80,12544357
20190710,4150.60,4076.18,4068.96,6414181
20190713,3977.20,4143.74,4146.99,11544554
20190714,4188.90,4214.55,4234.78,9188872
20190715,4298.72,4226.83,4232.25,11157710
20190721,4459.08,4361.76,4335.00,11767721
20190722,4521.12,4447.45,4502.12,23118112
20190723,4525.00,4443.96,4425.35,9633950
20190724,4443.57,4447.45,4452.49,12568830
20190727,4474.59,4459.08,4438.53,7653056
20190728,4467.22,4404.41,4404.41,6639227
20190729,4404.41,4342.76,4362.15,3884690
20190730,4394.33,4300.49,4316.39,5542762
20190731,4369.51,4385.41,4381.92,8665717
20190803,4385.41,4350.51,4364.08,6353873
20190804,4324.15,4342.76,4343.15,6816962
20190805,4416.43,4292.35,4326.09,6950123
20190806,4296.23,4187.66,4204.72,8213109
20190807,4207.05,4117.87,4089.56,10047181
20190810,4110.11,4046.91,4061.64,5950765
20190811,4013.17,4036.83,4041.87,6719143
20190813,4071.34,4046.91,4058.15,10066487
20190814,4119.03,4110.11,4146.56,10885882
20190817,4129.50,4092.66,4118.25,7403725
20190818,4323.76,4324.15,4323.37,66725892
20190819,4532.75,4463.74,4486.22,36713264
20190821,4536.63,4598.67,4545.16,14883839
20190824,4614.18,4728.57,4733.61,33736331
20190825,4808.05,4730.50,4692.51,18766619
20190826,4726.63,4765.40,4723.14,13080301
20190827,4808.44,4725.85,4768.50,10274385
20190828,4718.87,4816.20,4770.44,17463162
20190831,4770.44,4920.11,4894.13,14995732
20190901,4924.38,5106.62,5062.80,13542062
20190902,5110.50,5063.97,5094.60,21032821
20190903,5096.15,5142.29,5094.21,6923387
20190904,5176.02,5155.09,5141.90,5296358
20190907,5229.53,5338.49,5275.29,16922131
20190908,5333.45,5330.74,5358.27,10953983
20190911,5400.14,5377.65,5378.82,22036071
20190914,5424.57,5275.68,5277.61,15988825
20190915,5312.12,5370.29,5294.29,26323748
20190916,5466.83,5346.63,5388.12,17821733
20190917,5370.29,5269.08,5286.14,8710001
20190918,5234.57,5098.86,5078.70,10657710
20190921,5022.09,5081.80,5075.99,7320061
20190922,5172.54,5094.99,5052.72,29073689
20190923,5153.15,5230.31,5254.74,9586823
20190924,5428.06,5389.29,5382.69,12057735
20190925,5428.45,5409.06,5398.98,11418042
20190928,5428.45,5303.59,5341.98,14583677
20190929,5389.67,5311.74,5311.35,10887917
20190930,5353.22,5325.69,5349.35,16210483
20191001,5419.92,5272.57,5265.59,11337094
20191002,5160.52,5101.97,5105.84,14257621
20191005,5160.13,5040.70,5091.50,11967379
20191006,5006.19,5001.93,4994.56,14664893
20191007,5001.93,5137.64,5129.11,24497920
20191014,5666.05,5636.38,5670.00,122472731
20191015,5724.39,5478.17,5463.34,59694803
20191016,5517.72,5624.52,5640.34,56281252
20191020,5636.38,5517.72,5560.24,26131783
20191021,5575.07,5655.17,5616.61,24098414
20191022,5704.61,5624.52,5655.17,18080319
20191023,5685.82,5603.75,5573.10,18793281
20191026,5666.05,5500.91,5515.74,12795545
20191028,5514.75,5517.72,5516.73,14554246
20191030,5537.50,5567.16,5545.41,14108569
20191102,5637.37,5503.88,5512.78,15486688
20191103,5517.72,5448.50,5481.13,15982561
20191104,5478.17,5359.51,5404.00,14586954
20191105,5399.06,5363.46,5381.26,14114971
20191109,5437.63,5336.76,5338.74,17832357
20191110,5319.95,5338.74,5332.81,10807108
20191111,5273.48,5338.74,5326.88,19607540
20191112,5354.56,5353.57,5365.44,10914066
20191113,5378.30,5305.12,5327.86,9731469
20191116,5593.86,5369.40,5455.42,55553358
20191117,5273.48,5438.61,5391.15,24359906
20191118,5389.17,5397.08,5390.16,14415232
20191119,5438.61,5354.56,5387.19,6970493
20191120,5389.17,5328.85,5331.82,12371390
20191123,5331.82,5329.84,5343.69,10573964
20191124,5290.29,5250.73,5276.44,14195297
20191125,5291.28,5240.85,5230.96,14088772
20191126,5203.27,5191.40,5195.36,17601183
20191127,5240.85,5194.37,5233.92,23967943
20191130,5257.66,5141.96,5159.76,19756082
20191201,5148.88,5159.76,5158.77,32350787
20191202,5192.39,5171.63,5191.40,23116084
20191203,5191.40,5191.40,5186.46,13750938
20191204,5191.40,5131.09,5132.07,25531457
20191207,5171.63,5141.96,5198.33,32319137
20191208,5243.81,5270.51,5274.47,35596662
20191209,5339.73,5379.28,5381.26,76284027
20191210,5465.31,5320.94,5393.13,41402353
20191211,5339.73,5366.43,5362.47,23783042
20191214,5428.73,5364.45,5395.11,32894913
20191215,5423.78,5339.73,5351.60,23694685
20191216,5393.13,5352.59,5347.64,18855510
20191217,5354.56,5339.73,5347.64,22073619
20191218,5378.30,5577.05,5500.91,46572557
20191221,5626.49,5606.72,5610.67,33343233
20191222,5635.39,5596.83,5563.21,18579744
20191223,5633.42,5547.39,5610.67,32735606
20191224,5616.61,5633.42,5663.08,27491836
20191225,5686.81,5638.36,5626.49,21041362
20191228,5656.16,5661.10,5682.86,27382126
20191229,5668.02,5692.75,5656.16,20067820
20191230,5695.71,5833.16,5861.84,55766414
20191231,5980.50,5950.83,5894.47,33626399
20200101,6002.25,6030.93,6023.02,24594077
20200104,5722.41,5722.41,5723.40,142698769
20200105,5537.50,5843.05,5815.36,38161482
20200107,5853.93,5524.64,5639.35,45173223
20200108,5639.35,5629.46,5596.83,69266607
20200111,5708.57,5708.57,5708.57,1983317
20200112,5993.35,5993.35,5993.35,69798254
20200113,6167.39,6291.98,6260.34,52534836
20200114,6500.63,6265.28,6286.05,26111891
20200115,6273.19,6281.10,6258.36,25317259
20200118,6455.14,6328.57,6351.31,59257589
20200119,6360.21,6319.67,6385.92,27334381
20200120,6323.63,6348.35,6284.07,19133311
20200121,5970.61,5972.59,5973.58,203276840
20200122,5992.36,5981.49,5981.49,43509173
20200125,5992.36,5971.60,5996.32,28322392
20200126,6024.01,5858.87,5883.59,27726956
20200127,5859.86,5814.37,5807.45,22414748
20200128,5834.15,5913.26,5927.10,44627808
20200201,6026.97,5853.93,5923.15,28976686
20200202,5892.49,5815.36,5824.26,31078855
20200203,5922.16,5883.59,5903.37,41395076
20200204,5933.03,5910.29,5930.07,30216597
20200205,5981.49,6225.73,6201.01,103957612
20200208,6510.52,6510.52,6502.60,145499893
20200209,6595.56,6458.11,6523.37,62489406
20200210,6516.45,6201.01,6235.62,48654497
20200212,6412.62,6279.13,6267.26,42716190
20200215,6330.55,6579.73,6511.50,145649709
20200216,6713.23,6836.83,6774.54,100387157
20200217,6912.97,6581.71,6712.24,57824405
20200218,6595.56,6585.67,6586.66,35999016
20200219,6605.44,6625.22,6670.71,33716179
20200222,6337.47,6657.85,6615.33,39187007
20200223,6714.22,6786.40,6812.11,36116873
20200224,6911.00,6746.85,6753.77,36938577
20200225,6813.10,6753.77,6733.99,61003848
20200226,6803.21,6783.44,6854.63,57877249
20200229,6512.49,6512.49,6512.49,13932197
20200301,6187.17,6289.02,6260.34,205134408
20200302,6456.13,6427.45,6386.91,128219050
20200303,6565.89,6521.39,6500.63,98815440
20200304,6611.38,6516.45,6547.10,113781933
20200307,6249.46,6219.80,6243.53,76933546
20200309,5932.04,5932.04,5951.82,16987723
20200310,5655.17,5655.17,5766.91,11286492
20200311,5607.71,5557.27,5553.32,163072562
20200314,5547.39,5276.44,5347.64,63169972
20200315,5142.95,5507.83,5356.54,90574118
20200316,5616.61,5567.16,5603.75,99185350
20200317,5596.83,5468.28,5402.03,66453377
20200318,5438.61,5527.61,5459.38,64555941
20200324,5319.95,5186.46,5218.10,80469368
20200325,5190.42,5380.27,5313.03,105718113
20200328,5438.61,5404.00,5364.45,104732569
20200329,5443.56,5297.21,5365.44,108795640
20200330,5310.07,5317.98,5304.13,81335616
20200404,5569.14,5569.14,5569.14,311853793
20200405,5767.90,5574.09,5603.75,139542516
20200406,5547.39,5394.12,5398.07,80660040
20200407,5359.51,5458.39,5429.71,145544327
20200408,5557.27,5636.38,5604.74,206028381
20200411,5844.04,5863.81,5840.08,267531799
20200412,6070.48,6131.79,6090.26,304130845
20200413,6307.80,6012.14,6078.39,133311137
20200414,5824.26,5893.48,5886.56,105425936
20200415,5895.46,5883.59,5917.21,186210766
20200418,5982.48,6130.80,6063.56,214820412
20200419,6229.69,6228.70,6329.56,310688098
20200420,6454.15,6645.99,6632.14,253658103
20200421,6565.89,6554.02,6671.70,337049805
20200422,6481.84,6659.83,6592.59,242990941
20200425,6921.87,6921.87,6921.87,276457424
20200426,7267.97,7267.97,7267.97,217258540
20200427,7630.87,7630.87,7630.87,158704436
20200428,8011.57,8011.57,8011.57,126809397
20200429,8412.05,8412.05,8412.05,25988405
20200504,8832.31,9273.33,9265.42,53205334
20200505,9728.20,9728.20,9728.20,147379380
20200506,10213.72,10213.72,10213.72,22480609
20200509,10723.96,10723.96,10723.96,42288588
20200510,11259.91,11259.91,11259.91,56742753
20200511,11822.56,11822.56,11822.56,47184592
20200512,12412.90,12412.90,12186.45,2171454496
20200513,12437.62,12756.02,12751.08,874728256
20200516,12657.14,12114.27,12256.66,225068670
20200517,11644.57,12231.94,11872.99,559689684
20200518,12466.29,12466.29,12446.52,213897313
20200519,12840.07,11824.54,12215.13,569458973
20200520,11754.33,11605.01,11693.02,163663301
20200523,11108.62,11108.62,11108.62,62257565
20200526,10559.52,10559.52,10650.54,246607302
20200527,10784.10,11182.82,11053.21,113187196
20200530,11605.28,11605.28,11605.28,37163350
20200531,12185.05,12185.05,12097.98,469266485
20200601,12702.49,12702.49,12702.49,17059154
20200602,13336.67,13336.67,13336.67,17426489
20200606,14003.51,14003.51,13895.66,7459035
20200607,14590.20,14590.20,14590.20,54944417
20200608,13861.04,15319.36,15315.41,479589995
20200609,15829.88,16081.18,16014.89,260584920
20200610,16815.29,16815.29,16815.29,60050568
20200613,17650.31,17650.31,17650.31,30182899
20200614,18530.85,18530.85,18392.34,383345993
20200615,18501.17,17660.21,18224.15,767966195
20200616,17927.34,19134.36,18728.72,315202474
20200620,19658.73,19658.73,19658.73,16680009
20200623,20638.20,20638.20,20638.20,24064495
20200624,21667.15,21667.15,21667.15,44613585
20200627,22745.56,22745.56,22745.56,63411103
20200628,23873.43,23873.43,23873.43,85970548
20200629,25060.68,25060.68,25060.68,28204079
20200630,26307.28,26307.28,26307.28,47346634
20200701,27613.24,27613.24,27613.24,53302460
20200704,28988.46,28988.46,28988.46,103159990
20200705,30432.94,30432.94,30432.94,25888019
20200706,31946.67,31946.67,30986.99,1587681
20200708,32530.40,32530.40,32490.82,489587319
20200711,32649.12,34113.39,33321.89,233398577
20200712,34984.03,34984.03,34984.03,231890684
20200713,36725.32,36725.32,36725.32,121273371
20200714,38555.65,38555.65,38555.65,103702569
20200715,38535.86,37101.28,37220.00,394846259
20200720,44100.00,44000.00,44250.00,315065111
20200721,42040.00,42040.00,42210.00,165726875
20200722,44320.00,44320.00,44320.00,285416035
20200725,46530.00,46530.00,46530.00,361425613
20200726,48850.00,47980.00,48270.00,208817618
20200727,48000.00,49950.00,49070.00,103405243
20200728,50200.00,46620.00,49810.00,343924901
20200729,47320.00,47320.00,47320.00,34967224
20200801,46500.00,48490.00,48840.00,334970708
20200802,49500.00,49320.00,50680.00,352676349
20200803,50700.00,48150.00,49330.00,90521621
20200804,46880.00,46870.00,47180.00,161189764
20200805,46300.00,49530.00,48010.00,273564993
20200809,50410.00,50410.00,50410.00,212396096
20200810,52450.00,47890.00,50250.00,239788777
